name,lat,lon
Nguyễn Phúc Chu,,
Nguyễn Phúc Thuần,,
Huyền Trân,,
Ngô Quang Trưởng,,
Cù Huy Hà Vũ,,
Phan Liêm,,
Phan Thanh Giản,,
Đền Thượng,,
Bảo tàng Bắc Ninh,,
Mái Đá Ngườm,,
"Tu viện Dòng Thánh Phaolô thành Chartres, Sài Gòn",,
Bảo tàng Tăng Thiết giáp,,
Lò gốm cổ Hưng Lợi,,
Làng Cả,,
Mộ thuyền Việt Khê,,
One Central Saigon,,
Trận Cầu Giấy (1883),,
Chiến tranh Đông Dương lần thứ ba,,
Chiến dịch Speedy Express,,
Trận Đồng Xoài,,
Trận Quang Thạnh,,
Trận thành Đông Quan,,
Trận Đức Cơ,,
Trận Sông Bé,,
Trận Tầm Bó,,
Trận Sài Gòn (1955),,
Xung đột biên giới Việt Nam-Campuchia (1975-1979),,
Chiến dịch An Lão,,
Chiến dịch Junction City,,
Trận Lạng Sơn,,
Chiến dịch Lộc Ninh,,
Trận Cao Bằng 1979,,
Trận Vĩnh Yên,,
Chiến dịch Linebacker II,,
Trận Gò Công,,
Chiến dịch Hastings,,
Trận Lào Cai,,
Chiến dịch Cedar Falls,,
Trận Nam Đông,,
Chiến dịch Masher,,
Chiến dịch Biên giới,,
Trận Đồng Đăng (1979),,
Đàng Trong,,
Thăng Long,,
Miền Nam,,
Ân Phú,,
Long Khánh,,
Lê Ngọc Hân,,
Nguyễn Văn Hiến,,
Quang Lê,,
Tôn Thất Đính,,
Nguyễn Văn Xuân,,
Lê Văn Hoạch,,
Nguyễn Trung Trực,,
Nguyễn Quốc Cường (sinh 1952),,
Hoàng Cao Khải,,
Lê Ngọc Bình,,
Nguyễn Phúc Cảnh,,
Lê Chiêu Tông,,
Lê Cung Hoàng,,
Hoàng Tích Chu,,
Giản Chi,,
Bùi Văn Cường,,
Bùi Danh Lưu,,
Dương Thanh Bình,,
Văn Chung,,
Trần Hiếu,,
Nguyễn Dzoãn Cẩm Vân,,
Nguyễn Ngọc Phương,,
Nguyễn Thái Học (1972),,
Nguyễn Thanh Hải (sinh 1970),,
Lê Thế Trung,,
Lê Huy Ngọ,,
Phạm Chuyên,,
Nguyễn Văn Thể,,
Nguyễn Thị Thủy Khiêm,,
Đinh Tiến Thành,,
Tân Nhân,,
Trần Quang Khuê,,
Trịnh Hồng Dương,,
Kim Oanh,,
Phạm Thị Thanh Trà,,
Đỗ Thị Huyền Tâm,,
Nguyễn Văn Thành,,
Chu Lai,,
Tạ Hoàng Cơ,,
Lê Việt Hoà,,
Tân Dân Tử,,
Kiều Hạnh,,
Triệu Thị Ngọc Diễm,,
Dương Bình Phú,,
Cao Mạnh Linh,,
Đoàn Quốc,,
Trọng Lang,,
Huỳnh Thị Chiến Hòa,,
Nay Luett,,
Bopha Kong,,
Đỗ Viết Cường,,
HuyR,,
Trần Chí Hiền,,
Nguyễn Thành A,,
Nguyễn Văn Mộng,,
Nguyễn Trúc Sơn,,
Huỳnh Văn Đạo,,
Đặng Ngọc Huy,,
Đoàn Thị Thanh Mai,,
Lưu Thị Ly Ly,,
Đặng Xuân Hải,,
Phú Quý,,
Xuân Huyền,,
Trương Quang Phiên,,
Trịnh Xuân An,,
Phạm Phú Bình,,
Đỗ Đức Hiển,,
Đặng Bích Ngọc,,
Nguyễn Thị Thu Thủy,,
Bùi Sỹ Hoàn,,
Trần Kiềm,,
Nguyễn Đức Trung,,
Võ Anh Tuấn,,
Thái Thùy Linh,,
Trương Thị Diệu Ngọc,,
Lê Hoàng,,
An Như Sơn,,
Nguyễn Văn Quân,,
Đào Phúc Quang Vũ,,
Nguyễn Văn Hưởng,,
Lê văn Ngọ,,
Võ Duy Thưởng,,
Hà Nhân,,
Hà Phạm Phú,,
Khương Mễ,,
Đào Duy Từ,,
Hoàng Xuân Tửu,,
Nguyễn Đình Bảo,,
Năm Đồ,,
Thâm Tâm,,
Mộ Trạch,,
Battle of Hill 881,,
Battle of Duc Lap,,
Battle of Landing Zone Center,,
Battle of Palan,,
Trận Ngọc Hồi – Đống Đa,,
Battle of Tonkin River,,
Chiến dịch Hoàng Diệu,,
Operation Dewey Canyon,,
Battle of Nghĩa Lộ,,
Battle of Fakashan,,
Operation Francis Marion,,
Battle of Dong Dang,,
Battle of Ap Bau Bang II,,
Trận Nam Định (1883),,
Battle of Móng Cái,,
Battle of Hill 488,,
Battle of Nha Trang,,
Battle of Dong Khe,,
Battle of Bong Son,,
Battle of Nui Le,,
Văn hóa Soi Nhụ,,
Văn hóa Ngườm,,
Văn hóa Tràng An,,
Văn hóa Sơn Vi,,
Văn hóa Hòa Bình,,
Văn hóa Bắc Sơn,,
Văn hóa Quỳnh Văn,,
Văn hóa Cái Bèo,,
Văn hóa Đa Bút,,
Văn hóa Hạ Long,,
Văn hóa Phùng Nguyên,,
Văn hóa Tiền Sa Huỳnh,,
Văn hóa Đồng Đậu,,
Văn hóa Gò Mun,,
Văn hóa Sa Huỳnh,,
Văn hóa Đồng Nai,,
Văn hóa Đông Sơn,,
Văn hóa Óc Eo,,
An Dương Vương,,
Chiến tranh Tần-Việt,,
Triệu Đà,,
Chiến tranh Hán-Nam Việt,,
Nhà Hán,,
Khởi nghĩa Hai Bà Trưng,,
Chiến tranh Lĩnh Nam - Đông Hán,,
Đông Hán,,
Khởi nghĩa Chu Đạt,,
Khởi nghĩa Lương Long,,
Khu Liên,,
Tôn Quyền,,
Khởi nghĩa Bà Triệu,,
Chiến tranh Tấn – Ngô,,
Lưu Dụ,,
Đàn Hòa Chi,,
Lý Trường Nhân,,
Tiêu Đạo Thành,,
Tiêu Diễn,,
Khởi nghĩa Lý Bí,,
Lý Bí,,
Chiến tranh Tùy–Vạn Xuân,,
Lý Uyên,,
Lý Tự Tiên,,
Mai Hắc Đế,,
Phùng Hưng,,
Khúc Thừa Dụ,,
Trận Bạch Đằng,,
Ngô Quyền,,
Loạn 12 sứ quân,,
Đinh Bộ Lĩnh,,
Lê Hoàn,,
Chiến tranh Tống - Việt,,
Lý Công Uẩn,,
Lý Thánh Tông,,
Chiến tranh Việt-Chiêm,,
Chiến tranh Tống-Việt,,
Trận Như Nguyệt,,
Lý Chiêu Hoàng,,
Chiến tranh Nguyên Mông–Đại Việt lần 1,,
Hội nghị Bình Than,,
Hội nghị Diên Hồng,,
Chiến tranh Nguyên Mông-Đại Việt lần 2,,
Chiến tranh Nguyên Mông–Đại Việt lần 3,,
Thông bảo hội sao,,
Hồ Quý Ly,,
Chiến tranh Đại Ngu–Đại Minh,,
Nhà Minh,,
Trần Ngỗi,,
Nhà Hậu Trần,,
Khởi nghĩa Lam Sơn,,
Lê Lợi,,
Vụ án Lệ Chi viên,,
Chính biến Thiên Hưng,,
Chiến tranh Việt–Chiêm,,
Chiến tranh Đại Việt–Lan Xang,,
Luật Hồng Đức,,
Trần Tuân,,
Trần Cảo,,
Khủng hoảng cuối nhà Lê sơ,,
Mạc Đăng Dung,,
Nguyễn Kim,,
Chiến tranh Lê–Mạc,,
Lê trung hưng,,
Lê Thế Tông,,
Nguyễn Hoàng,,
Trịnh – Nguyễn phân tranh,,
Khởi nghĩa Tây Sơn,,
Bình Nam,,
Nguyễn Ánh,,
Nguyễn Nhạc,,
Rạch Gầm – Xoài Mút,,
Nguyễn Huệ,,
Nổi dậy Đá Vách,,
Khởi nghĩa Phan Bá Vành,,
Chiến tranh Việt–Xiêm,,
Việt Nam,,
Minh Mạng,,
Trấn Tây Thành,,
Chiến tranh Pháp-Đại Nam,,
Bạo loạn ven biển,,
Trương Định,,
Chính biến chày vôi,,
Nhà Nguyễn,,
Hòa ước Giáp Thân,,
Phong trào Cần Vương,,
Thực dân Pháp,,
Lào,,
Quảng Châu Loan,,
Liên bang Đông Dương,,
Phong trào Duy Tân,,
Phong trào chống sưu thuế Trung Kỳ,,
châu Âu,,
Khởi nghĩa Thái Nguyên,,
Nguyễn Ái Quốc,,
Đảng Cộng sản Việt Nam,,
Xô Viết Nghệ Tĩnh,,
Pháp,,
Nhật Bản,,
Chính phủ Pháp,,
Việt Nam Tuyên truyền Giải phóng quân,,
thực dân Pháp,,
Đế quốc Việt Nam,,
Cách mạng tháng Tám,,
Bảo Đại,,
Hồ Chí Minh,,
Bình dân học vụ,,
Sài Gòn,,
Trần Văn Giàu,,
Tổng tuyển cử,,
Tạm ước Việt - Pháp,,
Hiến pháp 1946,,
Chiến dịch Việt Bắc Thu - Đông 1947,,
Mỹ,,
Chiến dịch Điện Biên Phủ,,
Hiệp định Genève,,
Giải phóng Thủ đô,,
Ngô Đình Diệm,,
Đồng khởi,,
Mặt trận Dân tộc Giải phóng miền Nam Việt Nam,,
Quân Giải phóng miền Nam Việt Nam,,
Chiến tranh đặc biệt,,
Chiến tranh cục bộ,,
Việt Nam hóa chiến tranh,,
Cộng hòa Miền Nam Việt Nam,,
Chiến dịch Điện Biên Phủ trên không,,
Hiệp định Paris,,
Hải chiến Hoàng Sa,,
Chiến dịch Hồ Chí Minh,,
Việt Nam Cộng hòa,,
Cộng hòa xã hội chủ nghĩa Việt Nam,,
Liên Hợp Quốc,,
Chiến tranh biên giới Tây Nam,,
Chiến tranh biên giới phía Bắc,,
Kế hoạch CM-12,,
Đổi Mới,,
Xung đột Trường Sa,,
Bình thường hóa quan hệ với Mỹ,,
ASEAN,,
APEC,,
WTO,,
Hiến pháp 2013,,
Vụ hạ giàn khoan Hải Dương 981,,
Đại dịch COVID-19,,
Cải cách điền địa (Việt Nam Cộng hòa),,
Cải cách ruộng đất tại miền Bắc Việt Nam,,
Công hàm năm 1958 của Thủ tướng Phạm Văn Đồng,,
Cuộc di cư Việt Nam (1954),,
Đại lộ Kinh Hoàng,,
Hiệp định sơ bộ Pháp – Việt (1946),,
Tạm ước Việt – Pháp,,
Thảm sát Thái Bình,,
Thảm sát Thạnh Phong,,
Thuyền nhân,,
Trận Đak Pơ,,
Trận Thị Nại (1283),,
Trận Trấn Ninh (1802),,
Tuyên cáo Việt Nam độc lập,,
Sự kiện Vịnh Bắc Bộ,,
Vụ Trung Quốc tấn công ngư dân Việt Nam 2005,,
Chiến trường Điện Biên Phủ,,
Nhà tù Lai Châu,,
Tháp Chiềng Sơ,,
Tháp Mường Luân,,
Thành Sam Mứn,,
Động Xá Nhè,,
Hang động Thẳm Khến,,
Thành Bản Phủ (Điện Biên),,
Động Pa Thơm,,
Hang động Pê Răng Ky,,
Hang Mường Tỉnh,,
Động Tiên Sơn,,
Bia Lê Lợi,,
Đền thờ vua Lê Lợi,,
Hang động Pu Sam Cap,,
Di chỉ Nậm Tun,,
Thác Cầu Mây,,
Đền Cấm,,
Đền Mẫu Lào Cai,,
Đền Thượng Lào Cai,,
Đền Trung Đô,,
Dinh Hoàng A Tưởng,,
Đồn Phố Ràng,,
Động Mường Vi,,
Động Hàm Rồng,,
Bãi đá cổ Sa Pa,,
Ruộng bậc thang Sa Pa,,
Động Tả Phìn,,
Núi Hàm Rồng (Sa Pa),,
Thành cổ Nghị Lang,,
Đền Bắc Hà,,
Khu căn cứ cách mạng Cam Đường,,
Động Thiên Long Bắc Hà,,
Đền Cô Tân An,,
Căng và đồn Nghĩa Lộ,,
Chiến khu Vần,,
Đền Đông Cuông,,
Đền Nhược Sơn,,
Hồ Thác Bà,,
Khu di tích mộ Nguyễn Thái Học,,
Ruộng bậc thang Mù Cang Chải,,
Đèo Lũng Lô,,
Địa điểm Khu Ủy Tây Bắc,,
Bến Âu Lâu,,
Nơi thành lập đội du kích Khau Phạ,,
Chùa tháp Hắc Y,,
Lễ đài Sân vận động Yên Bái,,
Đồn cổ Đại Lịch,,
Nhà tù Sơn La,,
Tập đoàn cứ điểm Nà Sản,,
Đồn Mộc Lỵ,,
Khu di tích lịch sử Cách mạng Việt Nam - Lào,,
Thẳm Tát Tòng,,
Động Sơn Mộc Hương,,
Hồ Chiềng Khoi,,
Kỳ đài Thuận Châu,,
Ngã ba Cò Nòi,,
Bia Quế Lâm Ngự Chế,,
Tháp Mường Và,,
Tháp Mường Bám,,
Hang mộ Tạng Mè,,
Bãi đá khắc cổ Khe Hổ,,
Trung đoàn Tây Tiến,,
Đèo Pha Đin,,
Đèo Chẹn,,
Động Ngao,,
Thác Bản Giốc,,
Địa điểm Chiến thắng Biên giới năm 1950,,
Hang Ngườm Bốc,,
Nơi Chủ tịch Hồ Chí Minh ở và làm việc đầu năm 1942,,
Động dơi,,
Hang Kéo Quảng,,
Nà Ngần,,
Đội Việt Nam Tuyên truyền Giải phóng quân,,
Chuông chùa Đà Quận,,
Đền vua Lê,,
Hoàng Đình Giong,,
Nậm Lìn,,
Thành Na Lữ,,
Hồ Thang Hen,,
Khu lưu niệm Kim Đồng,,
Khu di tích Pác Bó,,
Di tích lịch sử Chi Lăng,,
Hang Gió Chi Lăng,,
Hang Lạng Nắc,,
Hang Phia Điểm,,
Hang Dơi Bắc Sơn,,
Hang Thẩm Khuyên,,
Nhà lưu niệm Hoàng Văn Thụ,,
Nhà lưu niệm Lương Văn Tri]],,
Động Nhị Thanh,,
Khởi nghĩa Bắc Sơn,,
Địa điểm ghi dấu tội ác của thực dân Pháp tại Lân Áng (09/02/1945),,
Địa điểm ghi dấu tội ác của thực dân Pháp tại Minh Đán (01/10/1940),,
Linh địa cổ Mẫu Sơn,,
Núi Tô Thị,,
Khu di tích núi Phai Vệ,,
Đền Kỳ Cùng,,
Thành Nhà Mạc (Lạng Sơn),,
Thành cổ Lạng Sơn,,
Chùa Thành,,
Hang Cốc Mười,,
"Di tích kiến trúc nghệ thuật đền Cửa Đông, Cửa Tây, Cửa Nam, Cửa Bắc",,
Đền Hùng,,
Di tích Làng Cả,,
Đình Hương Trầm,,
Đình Hạ Bì Trung,,
Căn cứ Tiên Động,,
Di tích khảo cổ xóm Rền,,
Đền Đào Xá,,
Đền Lời,,
Địa điểm chiến thắng Chân Mộng - Trạm Than (năm 1952),,
Chùa Phúc Ân Do Nghĩa,,
Đình Hạ Mạo,,
Đền Chu Hưng,,
Đền Lăng Sương,,
Đền Mẫu Âu Cơ,,
Đền Tam Giang,,
Chùa Phổ Quang (Chùa Xuân Lũng),,
Đền Xa Lộc,,
Chùa Bồng Lai (Chùa Hà Thạch),,
"Đình, Đền Mạo Phổ",,
Khu tưởng Chủ tịch Hồ Chí Minh tại Nhà máy in tiền - Đồn điền Chi Nê,,
Chùa Tiên,,
Hang Luồn Chi Nê,,
Hang Đồng Thớt,,
Động Núi Niệm,,
Khu Mộ cổ Đống Thếch,,
Căn cứ cách mạng Cao Phong - Thạch Yên,,
Cù Chính Lan,,
Nhà tù Hòa Bình,,
Động Tiên Phi,,
Động Thác Bờ,,
Động Hoa Tiên,,
Động Thiên Long Yên Thủy,,
"Hang Chùa, Yên Thủy",,
Hang Chổ,,
Hang xóm Trại và Mái đá làng Vành,,
Danh thắng Tây Thiên,,
Đình Đạm Xuyên,,
Chiến khu Ngọc Thanh,,
Chùa Bảo Sơn (Vĩnh Phúc),,
Đình Khả Do,,
Đình Cao Quang,,
Đền Ngô Miễn,,
Đình Sen Hồ (Vĩnh Phúc),,
Trần Nguyên Hãn,,
Đỗ Khắc Chung,,
Chùa Vĩnh Phúc,,
Đình Tây Hạ,,
Chùa Đông Lai (Vĩnh Phúc),,
Đền Triệu Thái,,
Đình Ngõa,,
Đình Đình Chu,,
Đình Thạch Trục,,
Chùa Am (Vĩnh Phúc),,
Chùa Sùng Khánh,,
Đình Tiên Lữ (Vĩnh Phúc),,
Tháp Bình Sơn,,
Đình Hương Canh,,
Đình Ngọc Canh,,
Đình Tiên Hường,,
Chùa Kính Phúc,,
Đền Xuân Lãng,,
Chùa Quảng Hựu,,
Đền Thánh Mẫu (Vĩnh Phúc),,
Lý Nam Đế,,
Chùa Can Bi,,
Đình Quất Lưu,,
Chùa Tùng Vân,,
Đình Thổ Tang,,
Đình Bích Chu,,
Đình Thủ Độ,,
Đình Cam Giá,,
Miếu Trúc Lâm,,
Đình Phương Viên,,
Đền Phú Đa,,
Đình Hòa Loan,,
Lê Ngọc Chinh,,
Đền Đuông,,
Chùa Thượng Trưng,,
Địa điểm lưu niệm Chủ tịch Hồ Chí Minh tại Vĩnh Tường,,
Chùa Hoa Dương,,
Đình Tuân Lộ,,
Đình và chùa Vĩnh Sơn,,
Đình Sông Kênh,,
Đền Thính,,
Đền Tranh (Vĩnh Phúc),,
Đền Đồng Lạc,,
Đình Yên Lạc,,
Đình Hùng Vĩ,,
Chùa Tiền Môn,,
Chùa Đại An,,
Đình Tri Chỉ,,
Đình Yên Nội,,
Chùa Biện Sơn,,
Khảo cổ học Đồng Đậu,,
Đình Thứa Thượng,,
Đình Phú Vinh,,
Chùa Hà Tiên (Vĩnh Phúc),,
Chùa Tích Sơn,,
Đình Đông Đạo,,
Địa điểm cơ quan Ban Nông vận Trung ương và Hội Nông dân cứu quốc Trung ương (1949-1952),,
Địa điểm cơ quan Tổng bộ Việt Minh (1947-1948) và Nơi làm việc của đồng chí Hoàng Quốc Việt (1947-1950),,
Địa điểm thành lập Tổng cục cung cấp (11/7/1950),,
Nơi ở và làm việc của Đại tướng Võ Nguyên Giáp tại Keo En (1953-1954),,
Nơi làm việc của Bộ Tổng tham mưu Quân đội Nhân dân Việt Nam (1949-1954),,
Xưởng Đội Cấn - Nhà máy quân giới K77 (1947-1954),,
"Địa điểm cơ quan Bộ Tổng tham mưu Quân đội nhân dân Việt Nam và Nơi ở, làm việc của Tổng tham mưu trưởng Hoàng Văn Thái (1949-1954)",,
Định Hóa,,
Địa điểm di tích Chủ tịch Hồ Chí Minh thăm trường Đảng Nguyễn Ái Quốc (1949) ở Làng Luông,,
Danh lam thắng cảnh Chùa Hang,,
Địa điểm khai sinh ngành Điện ảnh và Nhiếp ảnh cách mạng Việt Nam (1953),,
Địa điểm thành lập chính quyền huyện Định Hóa (1945),,
Nhà xuất bản Sự Thật,,
Cụm di tích Kha Sơn,,
Đình Phương Độ,,
Đình Xuân La,,
Đình Hộ Lệnh,,
Chùa Úc Kỳ,,
"Chùa Ha, Nhã Lộng",,
Đình Đông,,
Các địa điểm lịch sử cơ sở in báo Giải Phóng,,
Đền Lục Giáp (Miếu Vật),,
Chùa Tây Phúc,,
Đền thờ Đỗ Cận,,
Địa điểm công bố Ngày Thương binh Liệt sĩ toàn quốc tại xóm Bàn Cờ (27/7/1947),,
Khu di tích Núi Văn - Núi Võ,,
Nơi thành lập cơ sở Đảng Cộng sản đầu tiên của Đảng bộ tỉnh Thái Nguyên năm 1936,,
Địa điểm thành lập cơ quan chỉ huy Chiến khu Nguyễn Huệ,,
Nơi làm việc của Chủ tịch Hồ Chí Minh (1954) tại đồi Thành Trúc,,
"Địa điểm Chủ tịch Hồ Chí Minh về thăm nhân dân xã Hùng Sơn năm 1954, 1958",,
Địa điểm lễ nhận Quốc thư đầu tiên của Nước Việt Nam Dân Chủ Cộng Hòa (01/9/1954),,
"Các địa điểm của cuộc khởi nghĩa Thái Nguyên năm 1917 (Dinh Công sứ, Trại lính khố xanh, Nhà lao Thái Nguyên, Phòng tuyến Gia Sàng và Đền thờ Đội Cấn)",,
"Các địa điểm liên quan đến hoạt động của Việt Nam Giải phóng quân ngày 19-20/8/1945 (Chùa Đán, Đình Hàng Phố và Khu Chủ sự nhà đèn cũ)",,
Khu công nghiệp Gang thép Thái Nguyên,,
Địa điểm các Thanh niên xung phong Đại đội 915 hy sinh tại Lưu Xá (12/1972),,
Chùa Hang (Kim Sơn Tự),,
Động Linh Sơn,,
Địa điểm Đại hội chiến sĩ thi đua toàn quốc lần thứ nhất (1952),,
"Địa điểm xưởng quân giới, nơi chế tạo thành công súng Bazoka (1947)",,
"Đền Đuổm, Phú Lương",,
Khu di tích Khảo cổ học thời đại đồ đá cũ ở Thần Sa,,
Hang Ốc,,
Địa điểm thành lập Đội cứu quốc quân II ngày 15/9/1941,,
Hang Phượng Hoàng - suối Mỏ Gà,,
Hang Sa Khao,,
Địa điểm thành lập Đội Thanh niên xung phong công tác Trung ương (15/7/1950),,
Địa điểm hoạt động của Ban Giao thông Liên lạc Trung ương (1947 - 1954),,
Hang Chùa,,
Hang Nà Mò,,
Hoàng Phài,,
Di tích chiến thắng Đèo Giàng,,
Di tích lịch sử Nà Tu,,
Đồn Phủ Thông,,
ATK Chợ Đồn,,
Bản Ca,,
Đồi Nà Pậu - Nơi làm việc của Hồ Chủ tịch đầu năm 1951,,
Khuổi Linh - Nơi làm việc của đồng chí Trường Chinh và văn phòng Trung ương Đảng năm 1950,,
Bản Bằng,,
Đồi Khau Mạ - Nơi làm việc của Đồng chí Phạm Văn Đồng (1950 - 1951),,
Nà Quân,,
Động Nàng Tiên,,
Động Áng Toòng,,
Lán ở và làm việc của Chủ tịch Hồ Chí Minh,,
Khu di tích lịch sử Cách mạng Lào,,
Đền Hạ Tuyên Quang,,
Đền Thượng Tuyên Quang,,
Đền Ỷ La,,
Thành nhà Mạc (Tuyên Quang),,
Di tích Nha Công an Trung ương,,
Chiến khu Tân Trào,,
Khu bảo tồn thiên nhiên Na Hang - Lâm Bình,,
Thác Bản Ba,,
Hang Phia Vài,,
Động Song Long,,
Hang Phia Muồn,,
Đền Pác Tạ,,
Chùa Phúc Lâm (Na Hang),,
Cơ quan Ấn loát đặc biệt Trung ương,,
Thắng cảnh Thượng Lâm,,
Xưởng Quân khí H52 và địa điểm sản xuất diêm tiêu,,
Thác Nậm Me,,
Thác Pác Ban,,
Địa điểm Nha Ngân khố - Tín dụng,,
Địa điểm chùa Lang Đạo,,
Động Tiên (Hàm Yên),,
Hang Đá Đen,,
Thác Lụa,,
Căng Bắc Mê,,
Chùa Nậm Dầu,,
Cột cờ Lũng Cú,,
Tiểu khu Trọng Con,,
Phố cổ Đồng Văn,,
Hang Nà Luông,,
Ruộng bậc thang Hoàng Su Phì,,
Núi Đôi Quản Bạ,,
Kỳ đài Quảng trường 26/3,,
Dinh thự họ Vương,,
Bãi đá cổ Nấm Dẩn,,
Đèo Mã Pí Lèng,,
Hang Rồng,,
Thác Tiên Đèo Gió,,
Bia Sùng Khánh,,
Hang Đán Cúm,,
Hang Khố Mỷ,,
Hang Thiên Thủy,,
Hang Khâu Đôn,,
Hang Nậm Tan,,
Thác Nậm Tạu,,
Khu vực Hóa thạch Huệ Biển,,
Khu vực Hóa thạch Tay Cuộn,,
Hang Tiên,,
Thác Luồng,,
Thác Trăn,,
Đền Cửa Ông,,
Cụm di tích Xí nghiệp Tuyển than Cửa Ông,,
Ngã tư đường lên mỏ Đèo Nai,,
Khu di tích lưu niệm Chủ tịch Hồ Chí Minh trên đảo Cô Tô,,
Khu di tích nhà Trần tại Đông Triều,,
Chùa Hồ Thiên,,
"Chùa Quỳnh Lâm, Đông Triều",,
Chùa Mỹ Cụ,,
Khu di tích Hổ Lao,,
Chùa Cảnh Huống,,
Chùa Ngọa Vân,,
Đệ tứ chiến khu Đông Triều,,
Đền An Biên,,
Đền Quan Đại,,
Miếu Tiên Công Cẩm La,,
Đình Lưu Khê,,
Chùa Yên Đông,,
"Miếu Tiên Công, Liên Hòa",,
Nhà thờ họ Vũ (Vũ Tam Tỉnh),,
"Nhà thờ họ Nguyễn (Nguyễn Thực, Nguyễn Nghệ)",,
Nhà thờ họ Dương (Dương Quang Tín),,
Nhà thờ họ Hoàng (Hoàng Kim Bảng),,
Nhà thờ họ Bùi (Bùi Bách Niên),,
Nhà thờ họ Vũ (Vũ Song),,
Nhà thờ họ Đỗ (Đỗ Độ),,
Nhà thờ họ Đào (Đào Bá Lệ),,
"Nhà thờ họ Lê (Lê Mở, Lê Khép)",,
Nhà thờ họ Phạm (Cụm di tích Tiên Công),,
Di tích khảo cổ núi Đầu Rằm,,
Đình Đền Công - Miếu Cu Linh,,
Quần thể di tích danh thắng Yên Tử,,
thương cảng Vân Đồn,,
Đình Quan Lạn,,
núi Bài Thơ,,
Trận địa pháo 37 li của Xí nghiệp tuyển than Hòn Gai,,
Vịnh Hạ Long,,
Chùa Lôi Âm,,
Hòn Hai Cô Tiên,,
Trung tâm Điện chính Bưu điện Quảng Ninh trên núi Bài Thơ,,
Chùa Nam Thọ,,
Đình Trà Cổ,,
Chùa Xuân Lan,,
Núi Mằn,,
Đình Phong Cốc,,
Khu Di tích chiến thắng Bạch Đằng,,
Bãi cọc Yên Giang,,
Cây lim Giếng Rừng,,
Đền Trần Hưng Đạo,,
Đình Trung Bản,,
Đình Yên Giang,,
Đền Trung Cốc,,
Địa điểm lưu niệm Chủ tịch Hồ Chí Minh trên đảo Ngọc Vừng,,
Khu di tích lịch sử Pò Hèn,,
Miếu Ông - Miếu Bà,,
Văn miếu Bắc Ninh,,
Chùa Dạm,,
Đền Bà Chúa Kho (Bắc Ninh),,
Chùa Thiên Tâm,,
chùa Vĩnh Kiều,,
Đình Dương Lôi,,
Ngô Gia Tự,,
Chùa Cảm Ứng,,
Đình Bảng,,
Đền Lý Bát Đế,,
Chùa Dận,,
Đình Yên Lã,,
Chùa Yên Lã,,
Đền Núi,,
Đình Ngô Nội,,
Đình Đông Mai,,
Đình Phù Lưu,,
Đình làng Quan Đình,,
Nguyễn Duy Thức,,
Nhà thờ tổ họ Ngô lệnh tộc,,
Di tích Phòng tuyến sông Như Nguyệt,,
Kinh Dương Vương,,
Đình làng Đồng Đông,,
Đình Mão Điền Đoài,,
Đình Liễu Khê,,
Chùa Bút Tháp,,
Chùa Hương Thủy,,
Chùa Dâu,,
Chùa Tổ,,
Chùa Phật Tích,,
Chùa Cổ Lũng,,
Đình Lương Xá,,
Địa điểm Chiến thắng Xương Giang,,
Chùa Vĩnh Nghiêm (Bắc Giang),,
Hoàng Ngũ Phúc,,
"Đền Ngọc Lâm, Tân Mỹ",,
Địa điểm Lưu niệm Bác Hồ,,
Từ Vũ thôn Bùi Bến,,
Lăng Dinh Hương,,
Lăng đá Họ Ngọ,,
Lăng đá Bầu,,
Đình Lỗ Hạnh,,
Lăng Họ Trần,,
Đình Hương Câu,,
Đền Y Sơn,,
ATK2,,
Đình Xuân Biều (ATK2),,
Đình Vân Xuyên (ATK2),,
Nhà ông Ngô Văn Thấu (ATK2),,
Nhà ông Ngô Văn Đông (ATK2),,
Nhà ông Nguyễn Văn Chế (ATK2),,
Đền Soi (ATK2),,
Đình chợ Vân (ATK2),,
Đình,,
Đình Đông Trước,,
Đình Phù Lão,,
Thành Lạng Giang,,
Đình Am,,
Cụm di tích Cây Dã hương,,
Đình Thổ Hà,,
Chùa Bổ Đà,,
Đình Nội,,
Chùa Nam Thiên (Đồi Phủ),,
Đình Dương Lâm,,
Đình Vường,,
Chùa Kim Tràng,,
Chùa Tứ Giáp,,
Đình Cao Thượng,,
Đình và chùa Hả,,
Đình làng Chuông,,
Nghĩa địa Pháp (Đồi Phủ),,
Đền thờ Cả Trọng (đền Gốc Dẻ),,
Đền Gốc Khế,,
Nghè Nhã Nam,,
Đồn Phồn Xương,,
Đồn Hom,,
Đồn Hố Chuối,,
Chùa Lèo,,
Đền Bến Nhãn,,
Chùa Bố Hạ,,
Đình Hương Vĩ,,
Chùa Hương Vĩ,,
Đền Cầu Khoai,,
Đình Đông Kênh,,
Đình Bo Chợ,,
Kỳ Đồng Nguyễn Văn Cẩm,,
Khu di tích khởi nghĩa Yên Thế,,
Chùa Kem,,
Đình và chùa Sàn,,
Chùa Khám Lạng,,
Đền Hả,,
Chùa Am Vãi,,
Lăng Giáp Đăng Luân,,
Đình Đại Từ,,
Nhà hát lớn Hải Phòng,,
Trạm Giao thông liên lạc quốc tế của Đảng trong những năm 1920,,
Chùa Dư Hàng,,
Đền Nghè,,
Nhà 1/42 Mê Linh,,
Đình Hàng Kênh,,
Đền Phú Xá,,
Từ Lương Xâm,,
Tháp Tường Long,,
Đình Ngọc Xuyên,,
Bến tàu không số K15,,
Bến Nghiêng,,
Hòn Dáu,,
Đền Trinh Hưởng,,
Miếu Thủy Tú,,
Đền An Lư,,
Đình Kiền Bái,,
Quần thể di tích - danh thắng Tràng Kênh,,
Đình Đồng Dụ,,
Đình Vĩnh Khê,,
Đình Nhu Thượng,,
Miếu Nam,,
Đình Hà Đậu,,
"Đình, chùa Do Nha",,
Đình Dụ Nghĩa,,
Đình Quỳnh Hoàng,,
Nguyễn Bỉnh Khiêm,,
Đình Lễ Hợp,,
Miếu Vua Bà,,
Đình An Quý,,
Miếu Hà Phương,,
Đình Vĩnh Lạc,,
Đình Cung Chúc,,
Đình Kim Sơn,,
Từ đường họ Mạc,,
"Đình, chùa Chi Lai",,
Di tích khảo cổ Cái Bèo,,
Địa điểm Bác Hồ về thăm làng Cá Cát Bà,,
Chùa Văn Hòa,,
Đình Tri Yếu,,
Đình Quán Khái,,
Đền Kiếp Bạc,,
Chùa Côn Sơn,,
Đền Cao Chí Linh,,
Đình Chí Linh,,
Chùa Thanh Mai,,
Đền Sinh - Đền Hóa,,
Chu Văn An,,
Đền thờ Bà chúa Sao sa,,
Đền Quốc Phụ,,
Nguyễn Thị Duệ,,
Đền Cao An Phụ,,
Động Kính Chủ,,
Chùa Dâu (Gia Lộc),,
Đền Đươi,,
Miếu Chợ Cốc,,
Đình Vô Lượng,,
Đình Trình Xá,,
Chùa Muống,,
Chùa Linh Quang,,
Đình Kiên Lao,,
Đình - chùa Dưỡng Thái,,
Chùa Trăm Gian Hải Dương,,
"Mộ và Nhà thờ 3 Tiến sĩ Trần Thọ, Trần Cảnh, Trần Tiến (Họ Trần Điền Trì)",,
Mạc Đĩnh Chi,,
Gốm Chu Đậu-Mỹ Xá,,
Nghè Đồn,,
Chùa Trông,,
Đền Tranh (đền Quan Lớn Tuần Tranh),,
Đền Xưa - Chùa Giám - Đền Bia,,
Văn Miếu Mao Điền,,
Đình Thiệu Mỹ,,
Đình Cao Xá,,
Đình - chùa Châu Khê,,
Đền Sượt,,
Đinh Văn Tả,,
Đảo Cò Chi Lăng Nam,,
Phố Hiến,,
Văn miếu Xích Đằng,,
Chùa Thái Lạc,,
Đền Mây,,
Đền Kim Đằng,,
Chùa Chuông,,
Nguyễn Văn Linh,,
Đình An Vũ,,
Đền Nam Hoà,,
Đền Trần,,
Đền Mẫu,,
Chùa Phố,,
Đền Thiên Hậu (Thiên Hậu cung),,
Võ Miếu,,
Đền Bà Chúa Kho (Hưng Yên),,
Đền Cửu Thiên Huyền Nữ (Đền Bắc Hòa),,
Đông Đô Quảng Hội - Thiên Hậu cung,,
"Đình, chùa Hiến",,
Chùa Nễ Châu (Thụy Ứng tự),,
Đình Đào Xá,,
"Đình, Miếu Tráng Vũ",,
Làng Nôm,,
Chùa Đoan Túc,,
Đình Tống Thỏ,,
Miếu Bắc,,
"Đình, Miếu Hậu Trung, Miếu Hậu Thượng",,
Chùa Thiên Quý,,
Chùa Đọ,,
"Đình, Nghè Cổ Dũng",,
"Đình, Chùa, Lăng Thượng Liệt",,
Đình Lưu,,
Đào Vũ Thường,,
Phạm Huy Quang,,
"Đình, Chùa, Miếu Bình Cách",,
"Làng Kháng chiến Nguyên Xá, Nghĩa trang liệt sĩ Đông Hưng",,
Đỗ Tử Bình,,
Đình Kênh,,
Đình Lịch Động,,
Đình Tàu,,
Lương Quy Chính,,
Chùa Cần Tu,,
Lê Quý Đôn,,
Bùi Sỹ Tiêm,,
Đền Tiên La,,
"Đền Buộm, Đền Rẫy, Nhà thờ Tiên Tiến",,
"Đền Lưu Xá, Chùa Báo Quốc",,
Đền Trần (Thái Bình),,
Phạm Đôn Lễ,,
Trần Thủ Độ,,
"Đình, Miếu, Chùa Diệc",,
Đình Khả,,
"Đình, Chùa Hú",,
Nguyễn Tông Quai,,
"Đình, Đền Cổ Trai",,
Đình Ngừ,,
Đình Thọ Phú,,
Đình Xuân Lôi,,
"Đình, Đền Thanh Lãng",,
Nguyễn Mậu Kiến,,
Đình Lai Vi,,
"Đền Mộ Đạo, Đền Cả",,
Nhà thờ Tứ Quận Công và Văn thân Nguyễn Năng Thế,,
Đình Thượng Phúc,,
"Đình Luật Nội, Đình Luật Ngoại",,
Đền Đông Sàn,,
Cơ sỏ Xứ ủy Bắc Kỳ,,
Chùa Lãng Đông,,
Đình Cả,,
Đền Tổ,,
Đình Lại Trì,,
Chùa Am,,
Đình Son,,
Miếu Trà Đoài,,
Đền Đồng Bằng,,
Đền Hồng Phong,,
Đền Lộng Khê,,
Đền Năm thôn,,
Đền Ngọc Quế,,
Miếu Hoàng Bà,,
Đình An Bài,,
Đình Đông Linh,,
Đình Hiệp Lực,,
Đình Lương Mỹ,,
Đình Vạn Phúc,,
Đình Vĩnh Phúc,,
"Đình, Đền, Bến tượng A Sào",,
"Đình, Đền, La Vân,",,
Miếu Hòe Thị,,
Miếu Rọc,,
Đình An Cổ,,
Đền Cả,,
Đền Chò,,
Quách Đình Bảo,,
Đền Hạ Đồng,,
Đền Hệ,,
Đền Hét,,
Đền thờ Đinh Trinh,,
Đình An Tiêm,,
Đình Bích Đoài,,
Đình Các Đông,,
Đình Phất Lộc,,
Đình Phương Man,,
Đình Tử Các,,
"Đình Vạn Đồn, Đình Lưu Đồn, Đình Tu Trình",,
Nguyễn Đức Cảnh,,
Miếu Ba Thôn,,
Miếu Chính,,
Miếu Đông,,
Phạm Thế Hiển,,
Từ Giành,,
Đình Đông Quách,,
"Đình Nho Lâm, Đình Thanh Giám",,
Nguyễn Công Trứ,,
"Đình Tổ, Nhà thờ Họ Tạ, Thư Điền",,
Mả Bụt,,
Bùi Viện,,
Ngô Quang Bích,,
Chùa Keo (Thái Bình),,
Chùa Từ Vân,,
Đền và Lăng mộ Quế Hoa,,
Đình Bách Tính,,
Đình Đền Bổng Điền,,
Đình Dũng Thúy,,
Đình La Uyên,,
"Đình Mỹ Bổng, Đình Mỹ Lộc",,
Đình Phương Cáp,,
Đình Thuận An,,
Khu lưu niệm Bác Hồ,,
Miếu Hai Thôn,,
Doãn Khuê,,
Hoàng Công Chất,,
Nguyễn Kim Nho,,
Đền Vua Đinh Tiên Hoàng,,
Đền Vua Lê Đại Hành,,
Đền Thái Vi,,
Đền Suối Tiên,,
Đền Trình,,
Đền Tứ Trụ,,
Đền thờ Công chúa Phất Kim,,
Động Thiên Hà,,
Động Tiên Cá,,
Động Vái Giời,,
chùa Bích Động,,
Động Am Tiên,,
Đình Yên Trạch,,
Hang Bói,,
Hang Trống,,
Hang Bụt,,
Hành cung Vũ Lâm,,
Phủ Khống,,
Thung Nham,,
Chùa Duyên Ninh,,
Chùa Bà Ngô,,
Chùa Nhất Trụ,,
Chùa Kim Ngân,,
Hang Muối,,
Hang Quàn,,
Núi Chùa Am,,
Tam Cốc,,
Phủ Đông Vương,,
Phủ Vườn Thiên,,
Bia Cửa Đông,,
"Lăng vua Đinh, lăng vua Lê",,
chùa Bái Đính,,
Núi Non Nước,,
Núi Cánh Diều,,
Chùa A Nậu,,
Chùa Đẩu Long,,
Động Thiên Tôn,,
Chùa Trung Trữ,,
Đền Cả La Mai,,
Chùa Phong Phú,,
Đền Đông Hội,,
Nhà thờ họ Đào,,
"Đền Kê Thượng, Kê Hạ, Miếu Sơn",,
Chùa và động Bàn Long,,
Chùa và động Hoa Sơn,,
Đình Ngô Khê Hạ,,
Đền Thánh Nguyễn,,
động Địch Lộng,,
Đền thờ Đinh Bộ Lĩnh,,
Động Hoa Lư,,
Đình Trùng Hạ,,
Đình Trùng Thượng,,
Đình Vân Thị,,
Chùa Lỗi Sơn,,
Chùa Lạc Khoái,,
Nhà thờ và mộ Nguyễn Bặc,,
Nhà thờ Đinh Huy Đạo,,
Khu vực núi Kiếm Lĩnh,,
Chiến khu Quỳnh Lưu,,
Dốc Giang,,
Thung Lóng,,
"Khu Trũng, Đồng Báng",,
Đền Sầy,,
Đình Mỹ Hạ,,
Đình Ác,,
Phòng tuyến Tam Điệp,,
Đền Năn,,
Đền Bình Hải,,
"Nhà thờ Vũ Phạm Khải, đền họ Vũ",,
Đền thờ Ninh Tốn,,
"Đền, chùa Khương Dụ",,
Đền Quảng Phúc,,
Đền La,,
Chùa Tháp,,
Đình Phù Sa,,
Đền Trung Lận Khê,,
Đền thờ Thái phó Lê Niệm,,
Nhà thờ và mộ Vũ Duy Thanh,,
Đền Văn Giáp,,
"Đền Thượng, chùa Phúc Long",,
Đình thôn Đỗ,,
Đền chùa thôn Năm,,
Chùa Dầu,,
Đền Kiến Ốc,,
"Đền Tiên Viên, chùa Kim Rong",,
Chùa Phúc Nhạc,,
"Đền Tam Thánh, chùa Yên Lữ",,
Đền thờ Nguyễn Công Trứ,,
Nhà thờ đá Phát Diệm,,
Đình Thượng Kiệm,,
Đền Chất Thành,,
"Miếu, chùa Lạc Thiện",,
Đền Như Độ,,
Đền Trần (Nam Định),,
Đền Cổ Trạch,,
Đền Thiên Trường,,
Chùa Đệ Tứ,,
Cột cờ Nam Định,,
Những di tích lịch sử chống Mỹ cứu nước tại thành phố Nam Định (bao gồm Cửa hàng cắt tóc và Cửa hàng ăn uống dưới hầm; Khu Chỉ huy Sở của Nhà máy Dệt; Khu di tích phố Hàng Thao - nơi ghi lại tội ác của giặc Mỹ; Hầm Chỉ huy Thành Ủy Nam Định trong thời kỳ chống Mỹ cứu nước),,
Nhà số 7 phố Bến Ngự,,
Chùa Cồn,,
Cầu ngói chợ Lương,,
Đền chùa Xã Hạ,,
Chùa Hà Lạn,,
Chùa Phúc Hải,,
Chùa Phúc Sơn,,
Chùa Cổ Lễ,,
Chùa Cự Trữ,,
Chùa Cổ Chất,,
Địa điểm các đồn binh thời Trần,,
Chùa Đại Bi,,
Chùa Keo Hành Thiện,,
Nhà lưu niệm đồng chí Trường Chinh,,
Chùa Nghĩa Xá,,
Đền Xuân Hy,,
Đền Xuân Bảng,,
Chùa Diêm Điền,,
Khu di tích Hoành Nha,,
Miếu và đình Cao Đài,,
Đình Sùng Văn,,
Đình Thượng Đồng,,
Đình Ruồi,,
Đình Cát Đằng,,
"Đình, chùa Đô Quan",,
Đình Hưng Lộc,,
"Đền, chùa Hưng Thịnh",,
"Đền, chùa Hà Dương",,
Đình Thịnh Châu Hạ,,
Đình An Dương,,
Đình Bùi,,
Đình Chiềng,,
Đình Công Đồng,,
Đình Đinh,,
Đình Mai Động,,
Đình Mỹ Đôi,,
Đình Nam,,
Đình Tái Kênh,,
Đình Thanh Nghĩa,,
Đình Tiên Lý,,
Đình Triều Hội,,
Đình Văn Phú,,
Đình Vị Hạ,,
Đình Vị Thượng,,
Đình Yên Đổ,,
"Đình, chùa Cổ Viễn",,
"Đình, chùa Đạo Truyền",,
"Đình, chùa Đồng Du Trung",,
"Đình, chùa Ngọc Lũ",,
Từ đường Lương Quận Công Trần Như Lân,,
Từ đường Nguyễn Khuyến,,
Chùa Bạch Liên,,
Chùa Đọi Sơn,,
Chùa Khánh Long,,
Đền Lảnh Giang,,
Đền Yên Từ,,
Đình Đá An Mông,,
Đình Khả Duy,,
Đình Lê Xá,,
Đình Lũng Xuyên,,
Đình Ngô Xá,,
Đình Ngọc Động,,
Đình Tường Thụy,,
Chùa Bà Đanh và núi Ngọc,,
Chùa Quế Lâm,,
Đền Ba Dân,,
Đền Trúc và Ngũ động Thi Sơn,,
Đình Lạc Nhuế,,
Đình Nhật Tân,,
Đình Phương Lâm,,
Đình Phương Thượng,,
Đình Thượng,,
Đền Bà Vũ,,
Đền Trần Thương,,
Đình Chương Lương,,
Đình Đức Bản Ngoại,,
Đình Gia,,
Đình Mạc Hạ,,
Đình Ngò,,
Đình Thọ Chương,,
Đình Trác Nội,,
Đình Vạn Thọ,,
Đình Văn Xá,,
Đình Vĩnh Trụ,,
"Đình, chùa Cao Đà",,
"Đình, chùa Mạc Thượng",,
"Đình, chùa Tế Xuyên",,
"Đình, đền, chùa Nội Rối",,
"Khu di tích đình Đồng Lư (Thượng, Trung, Hạ)",,
Đền Lăng,,
Đình An Hòa,,
Đình An Xá,,
Đình Cẩm Du,,
Đình Chảy,,
Đình Đống Cầu,,
Đình Nguyễn Trung,,
Đình Ô Cách,,
"Đình, chùa Châu",,
"Đình, đền Hòa Ngãi",,
Kẽm Trống,,
Đình Hạ,,
Đình Mã Não,,
Địa điểm lưu niệm Chủ tịch Hồ Chí Minh về thăm công trường đắp đập Cát Tường năm 1958,,
Đình Đọi Tam,,
Đình Nam Xá Thượng,,
"Đình, văn từ Cát Lại",,
Hang Con Moong,,
Đền thờ Lê Hoàn,,
Di chỉ Đông Sơn và Thiệu Dương,,
Đền thờ Dương Đình Nghệ,,
Chiến khu Ngọc Trạo,,
Thành nhà Hồ,,
Đền thờ Trần Khát Chân,,
Từ đường Phúc Quang,,
Địa điểm đón Bác về thăm hợp tác xã Yên Trường,,
Đền thờ Lê Đình Kiên,,
Đền thờ Khương Công Phụ,,
Đình Làng Sét,,
Đền Đồng Cổ,,
Chùa Sùng Nghiêm Diên Thánh,,
Đền Bà Triệu,,
Đình làng Phú Đền,,
Đền thờ Lý Thường Kiệt,,
Nhà thờ Nguyễn Hữu,,
Ly Cung (nhà Hồ),,
Lăng miếu Triệu Tường,,
Đình Gia Miêu,,
Đình Động Bồng,,
Đình làng Đình Trung,,
Đền thờ Trần Hưng Đạo (Thanh Hóa),,
Đền thờ Nguyễn Chích,,
Đền thờ Nguyễn Văn Nghi,,
Nguyễn Nhữ Soạn,,
thắng cảnh Rừng Thông,,
Lam Kinh,,
Đình Làng Gạo,,
Đồi Ông,,
Đền Cây Vải,,
Đền Sòng Sơn,,
Chùa Mật Đa,,
Khu di tích Hàm Rồng,,
Đài tưởng niêm 72 liệt sĩ Xô Viết – Nghệ Tĩnh,,
Bia mộ Nguyễn Trường Tộ,,
Đền thờ Hoàng Nghĩa Lương,,
Di tích nhà ông Hoàng Viện,,
Khu lưu niệm cố tổng Bí thư Lê Hồng Phong,,
Núi Lam Thành,,
Đền Rặm,,
Nơi giặc Pháp tàn sát cuộc đấu tranh ngày 12/9/1930 (Nghĩa trang 12-9),,
Nhà thờ họ Phạm,,
Bạch Liêu,,
Đền Vua Lê,,
Đinh Bạt Tụy,,
Đền Thanh Liệt,,
Đặng Nguyên Cẩn,,
Đền Bạch Mã,,
Đền Hữu,,
Đình Bích Thị,,
Núi Thiên Nhẫn và Thành Lục Niên,,
Đình Hoành Sơn,,
Đền Nậm Sơn,,
Lê Hồng Sơn,,
Chùa Đức Sơn,,
Đền Nhạn Tháp,,
Mộ và đền thờ Lê Đức Tuy,,
Nguyễn Kế Hưng,,
Đền Đức Sơn,,
Tống Tất Thắng,,
nhà lưu niệm đồng chí Nguyễn Tiềm,,
Đình Trung Cần,,
Lăng mộ Nguyễn Thiếp,,
Khu mộ bà Hoàng Thị Loan,,
"Cây đa, sân vận động, đền Làng Sen",,
Khu di tích Hoàng Trù (làng Chùa) quê ngoại của Chủ tịch Hồ Chí Minh,,
Nhà thờ họ Nguyễn Sinh,,
Nguyễn Sinh Sắc,,
Nguyễn Sinh Nhậm,,
Nhà cử nhân Vương Thúc Quý-Thầy học của Chủ tịch Hồ Chí Minh thời niên thiếu,,
Núi Chung,,
Phan Bội Châu,,
Khu di tích lịch sử Truông Bồn,,
Nguyễn Cảnh Hoan,,
Thái Bá Du,,
Nguyễn Xí,,
Phạm Nguyễn Du,,
Đền Chính Vị,,
Nguyễn Thức Tự,,
Đền Phượng Cương,,
Nguyễn Kế Sài,,
Đình Chợ Xâm,,
Đền thờ và mộ Đức Thánh Hậu,,
"Đình, đền, chùa Trung Kiên",,
Đền Cuông,,
Đài tưởng niệm liệt sĩ 1930-31,,
Khu lưu niệm đồng chí Phùng Chí Kiên,,
Chùa Cổ Am,,
Đền thờ Cao Lỗ,,
Lèn Hai Vai,,
Đình Phượng Lịch,,
Nhà thờ họ Vũ đại tôn làng Đông Xương,,
Ngô Trí Hòa,,
Ngô Sỹ Vinh,,
Hang Bua,,
Lang Văn Thiết,,
Nhà ông Vi Văn Khang,,
Bia Ma Nhai,,
Chùa Cần Linh,,
Cồn Mô,,
Đền Hồng Sơn,,
Đền thờ Trần Quý Khoáng,,
Đền Trìa,,
Núi Quyết,,
Thiên Nhẫn,,
Rú Thành,,
Thành cổ Vinh,,
Bảo tàng Xô Viết Nghệ Tĩnh,,
Đền Vạn Lộc,,
Nhà thờ Hoàng Văn,,
Hồ Tùng Mậu,,
Mộ và đền thờ Hồ Sỹ Dương,,
"Nhà thờ họ Hoàng Khánh, Quỳnh Đôi",,
"Nhà thờ họ Hồ, Quỳnh Đôi",,
Nhà thờ họ Nguyễn Triệu Cơ,,
"Đình Làng, Quỳnh Đôi",,
Đền Thần,,
"Đền Thượng, Quỳnh Nghĩa",,
Đền thờ và mộ Hồ Hữu Nhân,,
Đền Đồng Xuân,,
Đền và mộ Quận công Nguyễn Bá Lai,,
Đình Tám Mái,,
Hồ Hưng Dật,,
Mộ và nhà thờ Hồ Phi Tích,,
Đền Cờn,,
Đền Xuân Úc,,
Hang Hỏa Tiễn và Nghĩa trang Liệt sĩ Đường Sắt,,
Sông Nhà Lê,,
Khu lưu niệm Bác Hồ về thăm Hà Tĩnh,,
Bùi Cầm Hổ,,
Bộ tư lệnh 559,,
Rộc Cồn,,
Mộ và Đền thờ Nguyễn Lỗi,,
Đền thờ và mộ Nguyễn Tuấn Thiện,,
Cao Thắng,,
Quần thể di tích Hải Thượng Lãn Ông Lê Hữu Trác,,
Mộ và nhà thờ Lê Hầu Tạo,,
Đền Liên Minh,,
Đền Cả Tổng Du Đồng,,
Ngô Thị Ngọc Dao,,
Nguyễn Biểu,,
Đền Thái Yên,,
Nhà thờ Phan Đình Phùng,,
Đền Đinh Lễ,,
Nhà thờ Bùi Dương Lịch,,
Ngô Phúc Vạn,,
Nhà thờ Phan Kính,,
Đền Cả Can Lộc,,
Đền thờ Nguyễn Biên,,
Nhà lưu niệm đồng chí Hà Huy Tập,,
Đền thờ Phương Giai,,
Đền thờ Lê Quảng Chí – Lê Quảng Ý,,
Lũy đá cổ Kỳ Anh,,
Căn cứ Vũ Quang của khởi nghĩa Hương Khê,,
Di chỉ Thạch Lạc,,
Đền thờ và lăng mộ Lê Khôi,,
Nhà cụ Mai Kính,,
Nhà thờ họ Phan Huy,,
Đình làng Đỉnh Lữ,,
Chùa Chân Tiên,,
Đền thờ Nguyễn Xí,,
Di tích khảo cổ Phôi Phối – Bãi Cọi,,
Khu lưu niệm Đại thi hào Nguyễn Du,,
Bến đò Tùng Luật,,
Khu vực đôi bờ Hiền Lương,,
Địa đạo Vĩnh Mốc,,
"Trận địa tên lửa T5, Nơi bắn rơi máy B52 đầu tiên ở Việt Nam",,
Trụ sở Chính phủ Cách mạng lâm thời Cộng hòa miền Nam Việt Nam,,
Căn cứ Tân Sở,,
Đình làng Câu Nhi,,
Thảm sát Mỹ Thủy,,
Chùa Sắc Tứ,,
Khu lưu niệm Tổng Bí thư Lê Duẩn,,
Cứ điểm Làng Vây,,
Nhà tù Lao Bảo,,
Sân bay Tà Cơn,,
Đình Hà Thượng,,
Địa điểm thảm sát làng Tân Minh,,
Hệ thống công trình khai thác nước cổ Gio An,,
Căn cứ Dốc Miếu - Cồn Tiên,,
Các điểm vượt đường 9 của đường dây 559,,
Cầu treo Bến Tắt,,
Chùa Bảo Đông,,
Khu di tích Trận chiến đấu 81 ngày đêm tại Quảng Trị,,
Thành cổ Quảng Trị,,
Ngã ba Cầu Ga,,
Ngã ba Long Hưng,,
Nhà thờ Long Hưng,,
Chốt thép Long Quang,,
Nhà thờ Tri Bưu,,
Bến sông Thạch Hãn,,
Trường Bồ Đề,,
Chiến khu Ba Lòng,,
Cảng quân sự Đông Hà,,
Đình làng Nghĩa An,,
Chùa Hoằng Phúc,,
Bến đò Mẹ Suốt,,
Khu giao tế Quảng Bình,,
Trận địa pháo của lão dân quân Đức Ninh,,
Cửa biển Nhật Lệ,,
Thành Đồng Hới,,
Chiến khu Trung Thuần,,
Đình Minh Lệ,,
Mộ và nhà thờ Đề đốc Lê Trực,,
Đường Trường Sơn - Đường Hồ Chí Minh,,
Đèo Đá Đẽo,,
"Nhà thờ Nguyễn Văn Nại, Nguyễn Văn Duyệt, Nguyễn Duy Cần",,
Vườn quốc gia Phong Nha - Kẻ Bàng,,
Quảng Bình Quan,,
Khảo cổ Bàu Tró,,
Địa điểm lưu niệm Bác Hồ về thăm Quảng Bình (6/1957),,
Lũy Đào Duy Từ,,
Đình Hòa Ninh,,
Đình Phù Trịch,,
Đình Lũ Phong,,
Điện Thành Hoàng Vĩnh Lộc,,
Di tích Mai Lượng,,
Bến phà Gianh 2,,
Bến phà Gianh 1,,
Đình Tượng Sơn,,
Lăng mộ Hồ Hồng (Hồ Cưỡng),,
Làng chiến đấu Cự Nẫm,,
Khu danh thắng Lý Hòa,,
Đình Lý Hòa,,
Ga Kẻ Rấy,,
Các trọng điểm trên đường 20 Quyết Thắng: Km 10.5; Km 14 trọng điểm Trà Ang; Km 16.5 hang 8 TNXP,,
Hang Tám Cô,,
Động Phong Nha,,
Làng chiến đấu Cảnh Dương,,
Đình Đông Dương,,
Hang Lèn Hà,,
"Hang động: – Xã Hoá Thanh (hang Thanh Lạng tổng kho X47) – Xã Hoá Tiến (hang Xăng dầu, hang Chỉ huy, hang Hậu cần của Bộ chỉ huy 559)",,
"Các trọng điểm trên đường 12A: – Bãi Dinh – Đồi 37,Cha Lo, Cổng Trời... -La Trọng – Ngầm Khe Ve – Ngầm Rinh",,
Nhà nhóm thôn Trung,,
Luỹ Đào Duy Từ (Luỹ Đầu Mâu),,
Bến phà Long Đại,,
Bến phà Quán Hàu,,
Lăng mộ Hữu Quân Đô thống Chưởng phủ sự Lê Sỹ,,
Khu vực Sở chỉ huy cơ bản của Bộ Tư lệnh 559: – Hội trường Bộ Tư lệnh – Nhà thờ họ Nguyễn – Nhà thờ họ Trương – Phòng khách Bộ Tư lệnh 559,,
Chùa An Xá,,
Chiến thắng Xuân Bồ,,
Miếu Thành Hoàng Mỹ Thổ – Trung Lực,,
Nguyễn Hữu Cảnh,,
Hoàng Hối Khanh,,
Vụ thảm sát Mỹ Trạch,,
Trạm thông tin A72,,
Trận địa Đại đội nữ Pháo binh Ngư Thủy,,
Chùa Giác Lương,,
Trần Văn Kỷ,,
Nguyễn Lộ Trạch,,
Nguyễn Tri Phương,,
Đình Bàn Môn,,
Nguyễn Cư Trinh,,
Đình Quy Lai,,
Địa điểm lưu niệm Chủ tịch Hồ Chí Minh ở Dương Nổ,,
Đình Dạ Lê,,
Lăng Hiếu Đông,,
Lăng mộ và Phủ thờ Diên Khánh Vương,,
Lăng Dục Đức,,
Thanh Bình Từ Đường,,
Khu lưu niệm Phan Bội Châu,,
Nhà thờ Tổ nghề kim hoàn,,
Lăng mộ và nhà thờ Ông Tổ nghề đúc đồng,,
Cố đô Huế,,
Văn Miếu Huế,,
Viện Cơ Mật-Tam Tòa,,
Quốc Tử Giám (Huế),,
Phu Văn Lâu,,
Ngọ Môn,,
Tàng thư lâu,,
Lăng Tự Đức,,
Lăng Thiệu Trị,,
Lăng Minh Mạng,,
Lăng Gia Long,,
Lăng Đồng Khánh,,
Chùa Thiên Mụ,,
Chùa Báo Quốc,,
Thành Điện Hải,,
Nghĩa trũng Phước Ninh,,
Bia chùa Long Thủ,,
Đình Hải Châu,,
Đình Nại Nam,,
Ngũ Hành Sơn,,
Khu căn cứ cách mạng K20,,
Chùa Tam Thai,,
Đình Tiền hiền làng An Hải,,
Nghĩa trang I-Pha-Nho,,
Đình Thạc Gián,,
Nghĩa trũng Hòa Vang,,
Ông Ích Khiêm,,
Đình Quá Giáng,,
Đình Bồ Bản,,
Đình Tuý Loan,,
Đỗ Thúc Tịnh,,
[[Đèo Hải Vân#Cửa ải Hải Vân|Hải Vân Quan]],,
Địa điểm khởi phát phong trào chống sưu thuế năm 1908 ở miền Trung,,
Đô thị cổ Hội An,,
Hội quán Phúc Kiến,,
Đình Xuân Mỹ,,
Chùa Quan Âm,,
Chùa Ông Hội An (Quan Công miếu),,
Thánh địa Mỹ Sơn,,
Địa đạo Kỳ Anh,,
Đình Chiên Đàn,,
Trương Công Hy,,
Tháp Bằng An,,
Tháp Đồng Dương,,
Huỳnh Thúc Kháng,,
Làng cổ Lộc Yên,,
Địa điểm diễn ra cuộc đấu tranh Cây Cốc năm 1954,,
Đoàn Quý phi,,
Địa đạo Phú An - Phú Xuân,,
Nước Là - Căn cứ Liên Khu ủy và Ban Quân sự Khu 5,,
Địa điểm Ban Kiểm tra Khu ủy Khu V,,
Khu chứng tích Sơn Mỹ,,
Trường lũy Quảng Ngãi,,
Đình An Định,,
Chùa Thiên Ấn,,
Khởi nghĩa Ba Tơ,,
Chùa Hang (Quảng Ngãi),,
Đình An Vĩnh,,
Đình An Hải,,
Núi Giếng Tiền,,
Núi Thới Lới,,
Huyện đường Đức Phổ,,
Chùa Ông (Thu Xà),,
Ngục Kon Tum,,
Chùa Bắc Ái,,
Nhà thờ chính tòa Kon Tum,,
Địa điểm Chiến thắng Đăk Tô - Tân Cảnh,,
Địa điểm chiến thắng Plei Kần,,
Di chỉ khảo cổ Lung Leng,,
Măng Đen,,
Ngục Đăk Glei,,
Tháp Po Nagar,,
Hòn Chồng,,
Vịnh Nha Trang,,
Thành cổ Diên Khánh,,
Miếu thờ Trịnh Phong,,
Đền thờ Trần Quý Cáp,,
Văn Miếu Diên Khánh,,
Am Chúa,,
Đình Phú Cang,,
Mũi Đôi,,
Lăng Bà Vú,,
Phủ Đường Ninh Hòa,,
Đường Hồ Chí Minh trên biển,,
Khu tưởng niệm bác sĩ Alexandre Yersin,,
quần đảo Trường Sa,,
Di chỉ khảo cổ Hòa Diêm,,
Vịnh Vĩnh Hy,,
Tháp Po Klong Garai,,
Tháp Hòa Lai,,
Chùa Ông,,
Miếu Xóm Bánh,,
Đình Tấn Lộc,,
Đình Văn Sơn,,
Biển Hồ / Hồ T'Nưng,,
Nhà lao Pleiku,,
Tây Sơn Thượng đạo,,
"Luỹ An Khê, An Khê Đình, An Khê Trường và Gò Chợ",,
Chiến thắng Đắk Pơ,,
Chiến thắng đường 7 - Sông Bờ,,
Chiến thắng Plei Me,,
Di tích Plei Ơi,,
Di tích Vườn Mít,,
Làng kháng chiến Stơr,,
Di tích Rộc Tưng - Gò Đá,,
Tây Sơn Tam Kiệt,,
Bảo tàng Quang Trung,,
Tháp Chăm Dương Long,,
Võ Văn Dũng,,
Tháp Thủ Thiện,,
Bùi Thị Xuân,,
Mai Xuân Thưởng,,
Tháp Đôi,,
Chùa Sơn Long (chùa Hang),,
Tăng Bạt Hổ,,
Thành Hoàng Đế,,
Tháp Cánh Tiên,,
Tháp Phú Lốc,,
[https://annhon.binhdinh.gov.vn/trang-tinh/danh-thang-di-tich/lo-gom-co-go-sanh-44.html Lò gốm Cổ Sành]{{Liên kết hỏng|date=2026-04-23 |bot=InternetArchiveBot }},,
[https://annhon.binhdinh.gov.vn/trang-tinh/danh-thang-di-tich/chua-thap-thap-42.html Chùa Thập Tháp Di Đà] {{Webarchive|url=https://web.archive.org/web/20230503130909/https://annhon.binhdinh.gov.vn/trang-tinh/danh-thang-di-tich/chua-thap-thap-42.html |date=2023-05-03 }},,
Tháp Bánh Ít,,
Tháp Bình Lâm,,
Đào Tấn,,
Địa điểm lưu niệm cuộc biểu tình năm 1931 tại Cây số 7 Tài Lương,,
Căn cứ Núi Bà,,
Biệt điện Bảo Đại,,
Đình Lạc Giao,,
Nhà đày Buôn Ma Thuột,,
Đồn điền Cada,,
Thác Dray Kpơr,,
Thác Thủy Tiên,,
Hồ Lăk,,
Tháp Chăm Yang Prong,,
Hang đá Dak Tuar,,
Khu căn cứ kháng chiến tỉnh Đắk Lắk (1965-1975),,
Thác Dray Sáp Thượng,,
Thác Đray Nur,,
Thác Drai Dlông,,
Thác Drai Yông,,
Đào Trí,,
Quần thể hòn Yến,,
Tháp Nhạn,,
Lương Văn Chánh,,
Chùa Từ Quang (Chùa Đá Trắng),,
Lê Thành Phương,,
Nơi thành lập Chi bộ Đảng Cộng sản Việt Nam đầu tiên tại Phú Yên,,
Thảm sát Ngân Sơn - Chí Thạnh,,
Tàu không số trên vùng biển Vũng Rô,,
Đường số 5 (nay là Quốc lộ 29),,
Đầm Ô Loan,,
Gành Đá Đĩa,,
Thành An Thổ,,
Địa đạo Gò Thì Thùng,,
Lẫm Phú Lâm,,
Thành Hồ,,
Địa điểm Đồng khởi Hòa Thịnh,,
Căn cứ của tỉnh Phú Yên trong kháng chiến chống Mỹ,,
Mũi Đại Lãnh,,
Núi Đá Bia,,
Vịnh Xuân Đài,,
Ga Đà Lạt,,
Trường Cao đẳng Sư phạm Đà Lạt,,
Hồ Than Thở,,
Hồ Tuyền Lâm,,
Hồ Xuân Hương,,
Nhà lao thiếu nhi Đà Lạt,,
Thác Cam Ly,,
Thác Datanla,,
Thác Prenn,,
Hồ Đạ Tẻh,,
Núi Langbiang,,
Thánh địa Cát Tiên,,
Vườn quốc gia Cát Tiên,,
Thác J'rai Bliang,,
Thác Gougah,,
Thác Liên Khương,,
Thác Pongour,,
Thác Voi,,
Tháp Po Sah Inư,,
Trường Dục Thanh,,
Nguyễn Thông,,
Vạn Thủy Tú,,
Di tích hoàng tộc Chăm,,
Chùa Cổ Thạch,,
Bàu Trắng,,
Tháp Po Dam,,
Dinh Thầy Thím,,
Núi Tà Cú,,
Vạn An Thạnh,,
Hải Đăng Phú Quý,,
Chùa Linh Sơn,,
Đền thờ Công chúa Bàn Tranh,,
Ngục Đăk Mil,,
Địa điểm chiến thắng Đồi 722 – Đăk Săk,,
Căn cứ kháng chiến B4 – Liên tỉnh IV,,
Địa điểm lưu niệm N'Trang Gưh,,
Thác Đray Sáp,,
Các địa điểm về phong trào đấu tranh chống thực dân Pháp của đồng bào M'nông do N'Trang Lơng lãnh đạo,,
"Địa điểm bắt liên lạc khai thông đường Hồ Chí Minh – đoạn Nam Tây Nguyên đến Đông Nam Bộ, 10/1960",,
"Địa điểm chiến thắng Chiến dịch Tây Quảng Đức (11/1973 - 4/1974, Chi khu Kiến Đức)",,
Mộ Cự thạch Hàng Gòn,,
Nhà Xanh,,
Đài Chiến sĩ (Đài kỷ niệm),,
Khu Danh thắng Bửu Long,,
Chùa Đại Giác,,
Trịnh Hoài Đức,,
Đình Tân Lân,,
Đền thờ Nguyễn Hữu Cảnh,,
Chùa Long Thiền,,
Nhà hội Bình Trước,,
Quảng trường Sông Phố,,
Nơi diễn ra cuộc nổi dậy phá Nhà lao Tân Hiệp 02/12/1956,,
"Mộ, Đền thờ Đoàn Văn Cự & 16 Nghĩa binh Thiên Địa Hội",,
Chùa Ông (Biên Hòa),,
Thành cổ Biên Hòa,,
Văn miếu Trấn Biên,,
Tòa hành chính tỉnh Long Khánh,,
Mộ Nguyễn Đức Ứng và 27 Nghĩa binh chống Pháp,,
Ngã ba Giồng Sắn (Địa điểm Vụ thảm sát Giồng Sắn),,
Địa đạo Nhơn Trạch,,
Căn cứ Sở Chỉ huy Đặc khu Quân sự Rừng Sác và Đoàn 10 Đặc công Rừng Sác,,
Chiến khu Đ,,
Địa đạo Suối Linh,,
Căn cứ Trung ương Cục miền Nam,,
Địa điểm chiến thắng La Ngà,,
Đá Ba Chồng,,
Địa điểm thành lập Đoàn 125. Tiền thân của lực lượng vũ trang đoàn kết cứu nước Campuchia,,
Núi Chứa Chan,,
Căn cứ Tà Thiết,,
Núi Bà Rá,,
Mộ 3000 đồng bào An Lộc bị đế quốc Mỹ tàn sát ngày 03/10/1972,,
Nhà giao tế Lộc Ninh,,
Sân bay quân sự Lộc Ninh,,
Bồn xăng kho nhiên liệu VK98,,
Bồn xăng kho nhiên liệu VK99,,
Điểm cuối Đường ống xăng dầu VK96,,
Địa điểm căn cứ Cục hậu cần Quân giải phóng miền Nam Việt Nam (1973-1975),,
Địa điểm Cuộc nổi dậy của đồng bào Stiêng,,
Phú Riềng Đỏ,,
Địa điểm chiến thắng chốt chặn Tàu Ô,,
Chiến thắng Đồng Xoài,,
Căn cứ Trung ương cục miền Nam,,
Địa điểm Ban Dân y Trung ương Cục miền Nam,,
Căn cứ Dương Minh Châu,,
Căn cứ Tỉnh ủy Tây Ninh tại Bời Lời,,
Căn cứ Ban an ninh Trung ương cục miền Nam,,
Tòa thánh Cao Đài,,
Núi Bà Đen,,
Địa điểm Chiến thắng Junction City,,
Địa điểm Vành đai diệt Mỹ Trảng Lớn,,
Địa điểm thành lập cơ sở Đảng Cộng sản đầu tiên tỉnh Tây Ninh,,
Nhà trăm cột,,
Chùa Phước Lâm,,
Chùa Thới Bình,,
Chùa Tôn Thạnh,,
Di tích khảo cổ Rạch Núi,,
Nhà cổ Thanh Phú Long,,
Ngã tư Đức Hòa,,
Căn cứ Bình Thành,,
Di tích Vàm Nhựt Tảo,,
Nguyễn Hữu Thọ,,
Đồn Long Khốt,,
Đại sứ quán Mỹ,,
Dinh Độc Lập,,
Nơi thành lập Kỳ bộ Việt Nam Thanh niên cách mạng đồng chí Hội - năm 1928,,
Nơi thành lập An Nam Cộng sản Đảng năm 1929,,
Trụ sở báo Dân Chúng,,
Địa điểm lưu niệm Chủ tịch Tôn Đức Thắng tại khu vực Ba Son,,
Điện Ngọc Hoàng,,
Miếu Thiên Hậu,,
Trụ sở Tòa án nhân dân Thành phố Hồ Chí Minh,,
Bảo tàng Lịch sử Thành phố Hồ Chí Minh,,
Bảo tàng Thành phố Hồ Chí Minh,,
Nhà hát Thành phố Hồ Chí Minh,,
Cơ sở Ban Tuyên huấn Xứ ủy Nam bộ,,
Cơ sở giấu vũ khí của Biệt động Thành đánh dinh Độc Lập,,
Sở Chỉ huy tiền phương Phân khu 6 trong chiến dịch Mậu Thân 1968,,
Khu trại giam bệnh viện Chợ Quán - nơi đồng chí Trần Phú hy sinh,,
"[[Đường Châu Văn Liêm, Thành phố Hồ Chí Minh#Di tích|Nơi đồng chí Nguyễn Tất Thành ở trước khi ra đi tìm đường cứu nước]]",,
Hội quán Nghĩa Nhuận,,
Hội quán Tuệ Thành,,
Hội quán Nghĩa An,,
Đình Minh Hương Gia Thạnh,,
Miếu Nhị Phủ,,
Nhà thờ tổ thợ bạc,,
Hội quán Quỳnh Phủ,,
Hội quán Hà Chương,,
Hội quán Ôn Lăng,,
Hầm bí mật in tài liệu Ban Tuyên huấn Hoa vận thời kỳ chống Mỹ cứu nước,,
Đình Bình Đông,,
Bót Dây Thép,,
Đình Phong Phú,,
Chùa Hội Sơn,,
Chùa Phước Tường,,
Cơ sở in ấn của Hội Ủng hộ Vệ quốc đoàn,,
Hầm bí mật chứa vũ khí thời kháng chiến chống Mỹ,,
Đình Chí Hoà,,
Chùa Phụng Sơn,,
Chùa Giác Viên,,
Lăng Lê Văn Duyệt,,
Đình Bình Hòa,,
Tịnh xá Ngọc Phương,,
Đình Thông Tây Hội,,
Chùa sắc tứ Trường Thọ,,
Trụ sở Phái đoàn liên lạc của Bộ Tổng tư lệnh Quân đội Nhân dân Việt Nam cạnh Phân ban Quốc tế giám sát và kiểm soát đình chiến tại Sài Gòn (1955-1958),,
Võ Di Nguy,,
Đình Phú Nhuận,,
Trương Tấn Bửu,,
Mộ Phan Châu Trinh,,
Địa đạo Phú Thọ Hòa,,
Chùa Giác Lâm,,
Trại Davis,,
Đình Trường Thọ,,
Đình Xuân Hiệp,,
Giồng Cá Vồ,,
địa đạo Củ Chi,,
Địa đạo Bến Đình,,
Căn cứ Rừng Sác,,
Địa điểm Dinh Quận Hóc Môn,,
Ngã ba Giồng,,
Địa đạo Tây Nam Bến Cát,,
Sở chỉ huy tiền phương chiến dịch Hồ Chí Minh,,
Nhà tù Phú Lợi,,
Nhà cổ Trần Văn Hổ,,
Nhà cổ Trần Công Vàng,,
Chùa Hội Khánh,,
Đình Tân An (Bến Thế),,
Núi Châu Thới,,
Cù Lao Rùa,,
Di tích khảo cổ học Dốc Chùa,,
Đình Phú Long,,
Nhà tù Côn Đảo,,
Bạch Dinh,,
Trận địa pháo cổ và Hầm thủy lôi Núi Lớn,,
"Nhà má Tám Nhung, nhà 42/11",,
Trụ sở Ủy ban Việt Minh tại Vũng Tàu,,
"""Nhà cao cẳng"" số 18 Lê Lợi",,
Nhà số 86 Phan Chu Trinh,,
Đồn nhà máy nước,,
Nhà ông Trương Quang Vinh số 18/5,,
"Khu di tích Đình Thắng Tam (đình Thắng Tam, Lăng Cá Ông, Miếu Bà)",,
Thích Ca Phật Đài,,
Nhà Lớn Long Sơn,,
Niết Bàn Tịnh Xá,,
Ăng-ten parabol viba Núi Lớn,,
Trận địa pháo cổ trên núi Tao Phùng (Núi Nhỏ),,
Cầu Đá Vũng Tàu,,
Nhà Tròn Bà Rịa,,
Địa đạo Long Phước,,
Khu Hang Dơi va Chùa Diệu Linh (Căn cứ Núi Dinh),,
Căn cứ Núi Dinh,,
Địa đạo Hắc Dịch,,
Chiến thắng Bình Giã,,
Địa đạo Kim Long,,
Bến Lộc An,,
Nhà lưu niệm và tượng đài anh hùng Võ Thị Sáu,,
Căn cứ Minh Đạm,,
Dinh Cô,,
Chùa Long Bàn,,
Gò Tháp,,
Căn cứ kháng chiến Tỉnh ủy Kiến Phong (Xẻo Quít),,
Khu di tích Nguyễn Sinh Sắc,,
Chiến thắng Giồng Thị Đam - Gò Quản Cung,,
Địa điểm Cơ quan Giao bưu Thông tin vô tuyến điện Nam bộ,,
Chùa Kiến An Cung,,
Nhà ông Huỳnh Cẩm Thuận,,
Đình Phú Hựu,,
Đình Tân Phú Trung,,
Chùa Bửu Hưng,,
Đình Định Yên,,
Đền thờ Trần Văn Năng,,
Vụ Thảm sát Bình Thành,,
Đình Long Khánh,,
Chùa Bửu Lâm,,
Chùa Vĩnh Tràng,,
Đình Điều Hòa,,
Chiến thắng Cổ Cò,,
Chiến thắng Ấp Bắc,,
[[Long Trung#Di tích|Đình Long Trung]],,
Lăng Tứ Kiệt,,
Chiến thắng Giồng Dứa,,
Khu di tích chiến thắng Rạch Gầm – Xoài Mút,,
Di tích Thảm sát Chợ Giữa,,
Đình Long Hưng,,
Di chỉ Gò Thành,,
Mộ và đền thờ Thủ Khoa Huân,,
Lăng Trương Định,,
Lăng Hoàng gia,,
Nhà Đốc phủ Hải,,
Đình Đồng Thạnh,,
Chiến lũy Pháo Đài,,
Bến đò Phú Mỹ,,
Di tích Óc Eo-Ba Thê,,
"Thánh đường Mubarak, ấp Châu Giang",,
Núi Sam,,
Khu chứng tích tội ác của bọn diệt chủng Pôn Pốt,,
Gò Tháp An Lợi,,
Đình Vĩnh Ngươn,,
Đền thờ Quản cơ Trần Văn Thành,,
Cột Dây Thép,,
Chùa Ông Bắc,,
Chùa Hòa Thạnh,,
Chùa Giồng Thành,,
Chùa Bà Lê,,
Căn cứ Ô Tà Sóc,,
Đình Đa Phước,,
Lăng Thoại Ngọc Hầu,,
Chùa Cù Là,,
Chùa Tổng Quản,,
Núi Đá Dựng,,
Bình San,,
Thạch Động,,
Mũi Nai,,
Nhà tù Hà Tiên,,
Lăng Mạc Cửu,,
Chùa Sóc Xoài,,
Hòn Đất,,
Núi Mo So,,
Nhà lao Cây Dừa,,
Chùa Tam Bảo,,
Chùa Quan Đế,,
Đình thờ Nguyễn Trung Trực,,
Chùa Phật Lớn,,
Đình Vĩnh Hòa,,
Nhà Bảo tàng Kiên Giang,,
Chùa Láng Cát,,
Vườn quốc gia U Minh Thượng,,
Văn Thánh Miếu Vĩnh Long,,
Chùa Tiên Châu,,
Đình Long Thanh,,
Công Thần Miếu Vĩnh Long,,
Chùa Phước Hậu,,
Thánh Tịnh Ngọc Sơn Quang,,
Đình Tân Hoa,,
Nhà Bảo tàng Bến Tre,,
Đình An Hội và chùa Viên Minh,,
Chùa Viên Giác,,
Tòa thánh Cao đài Ban chỉnh,,
Đình Phú Lễ,,
Mộ và khu tưởng niệm Nguyễn Đình Chiểu,,
Võ Trường Toản,,
Phan Ngọc Tòng,,
Nhà thờ Cái Bông,,
Đình Tân Hưng và mộ ông Huỳnh Văn Thiệu,,
Các trận đánh tại ngã tư Thạnh Tân,,
Đình Tân Thạch,,
Tòa thánh Cao đài Tiên Thiên,,
Chùa cổ Hội Tôn,,
Trương Vĩnh Ký,,
Nhà thờ cổ Cái Mơn,,
Nguyễn Văn Trác,,
Các Chứng tích về cuộc thảm sát 286 người vô tội do thực dân Pháp tiến hành năm 1947,,
Nguyễn Ngọc Thăng,,
Phan Văn Trị,,
Nguyễn Thị Định,,
Đồng Văn Cống,,
Căn cứ Quân khu ủy Sài Gòn – Gia Định,,
Đình Tân Ngãi,,
Cuộc thảm sát 129 người dân vô tội của Mỹ–Ngụy,,
Đồng khởi Bến Tre,,
Chùa Tuyên Linh,,
Đình Rắn,,
Đầu cầu tiếp nhận vũ khí Bắc – Nam,,
Nhà cổ Huỳnh Phủ (Hương Liêm) và khu mộ,,
Lăng thờ cá Ông,,
Nơi ở và hoạt động của Đại tá Phạm Ngọc Thảo,,
Địa điểm Bờ Lũy – Chùa Lò Gạch,,
"Đền thờ Chủ tịch Hồ Chí Minh, Ấp Vĩnh Hội",,
Lưu Cừ II,,
Ao Bà Om,,
Chùa Âng,,
Chùa Giác Linh (Chùa Dơi),,
Bến tiếp nhận vũ khí Cồn Tàu,,
Phước Minh Cung (Chùa Ông),,
Chùa Bodhicuàmani Ấp Sóc,,
Chùa Bodhisalaraja (Kom Pong),,
Chùa Pysey Vararam (Chùa Ba Si),,
Chùa Teakhinasakor Tà Lôn (Cái Cối),,
Đình Bình Thủy,,
Chùa Long Quang (Cần Thơ),,
Nhà thờ họ Dương,,
Cơ quan đặc ủy An Nam Cộng sản Đảng 1929-1930,,
Chùa Nam Nhã,,
Bùi Hữu Nghĩa,,
Chùa Hội Linh (Cần Thơ),,
Khám lớn Cần Thơ,,
"Địa điểm chuyển quân, trạm quân y tiền phương và nơi cất giấu vũ khí thuộc lộ vòng cung Cần Thơ trong kháng chiến chống Mỹ",,
Địa điểm thành lập chi bộ An Nam Cộng sản Đảng Cờ Đỏ,,
Hiệp Thiên Cung,,
Khu di tích Chiến thắng Tầm Vu,,
Chiến thắng Chương Thiện,,
Đền thờ Bác Hồ,,
Ủy ban Liên hợp Đình chiến Nam Bộ,,
Căn cứ Tỉnh ủy Cần Thơ,,
Khu trù mật Vị Thanh - Hỏa Lựu,,
Chiến thắng Vàm Cái Sình,,
Chùa Phật Tổ,,
Đình Tân Hưng,,
Nhà Dây Thép,,
Hồng Anh Thư Quán,,
Quần đảo Hòn Khoai,,
Chùa Cao Dân,,
Sở Giáo dục Nam Bộ,,
Địa điểm chứng tích tội ác Mỹ - Ngụy ở Biệt khu Hải Yến - Bình Hưng,,
Các địa điểm thuộc Xứ ủy Nam Bộ - Trung ương Cục miền Nam (1949-1955),,
Địa điểm Chiến thắng Đầm Dơi - Cái Nước - Chà Là (1963),,
Đồng Nọc Nạng,,
Tháp Vĩnh Hưng,,
Đền thờ Chủ tịch Hồ Chí Minh (Bạc Liêu),,
Đình An Trạch,,
Thành Hoàng Cổ Miếu (Chùa Minh),,
Phước Đức Cổ Miếu (Chùa Bang),,
Phước Đức Cổ Miếu (Miếu Ông Bổn),,
Chùa Kro Pum Mean Chey Kos Thum,,
Căn cứ Cái Chanh,,
Địa điểm trận Giồng Bốm (1946),,
Ninh Bình,20.2506,105.9744
Bình Trị Thiên,,
Trung Kỳ,,
Cần Thơ,,
Hiệp Hòa,,
phủ Đức Thọ,,
Gia Định,,
"Phù Lưu, Từ Sơn",,
Làng Cót,,
Đào Xá,,
Hồ Thị Kỷ,,
Hải Hưng,,
Tam Hiệp,,
Hàng Trống,,
Châu Lý,,
Hòa Quang Bắc,,
Hàng Bài,,
Lĩnh Nam,,
Tĩnh Hải quân,,
Hồng Thái,,
Kiến Phong,,
Tân Mỹ,,
Quảng Oai,,
Gia Vượng,,
Lê Chân,,
Nam Yên,,
phường,,
An Hòa,,
Phù Tiên,,
Liên Ninh,,
Phú Diễn,,
Hàng Cót,,
Phú Mỹ,,
Tuy Hòa,,
Cổ Nhuế 2,,
Bà Rịa,,
Hà Đông,,
Phổ Ninh,,
Pleiku,,
Cửu Long,,
Quảng Hà,,
Vĩnh Phú,,
Thừa Thiên - Huế,,
Tân An,,
Bình Phú,,
Ô Đống Mác,,
Hải Triều,,
Hành Thiện,,
Chợ Lớn,,
Đại Nam,,
Xuân Sinh,,
Nguyên Xá,,
Gia Xuân,,
Hoài Châu Bắc,,
Quang Trung,,
Tĩnh Gia,,
Từ Liêm (phường),,
Đà Nẵng,,
Thượng Cát,,
Tân Tiến,,
Gia Lai - Kon Tum,,
"Phố Thuốc Bắc, Hà Nội",,
Nam Kỳ,,
Hưng Hóa,,
Châu Đốc,,
Hà Nam Ninh,,
Đồi Charlie,,
Viện Quân y 103,,
Chùa Nghệ Sĩ,,
Việt Bắc,,
Bình Lệ Nguyên,,
Trại Đức Lập,,
Đại sứ quán Hoa Kỳ tại Sài Gòn,,
Quảng Tín,,
Mê Linh,,
sông Bạch Đằng,,
Đông Kinh,,
Vạn Lại,,
Quy Nhơn,,
Phú Xuân,,
miền Nam Việt Nam,,
Điện Biên,21.386,103.023
Lai Châu,22.386,103.158
Lào Cai,22.4809,103.9755
Sơn La,21.3256,103.9188
Cao Bằng,22.6667,106.25
Lạng Sơn,21.853,106.761
Phú Thọ,21.3227,105.4021
Thái Nguyên,21.5944,105.848
Tuyên Quang,21.8233,105.228
Quảng Ninh,20.95,107.0833
Bắc Ninh,21.1861,106.0763
Thành phố Hải Phòng,20.8449,106.6881
Hưng Yên,20.6464,106.0512
Thanh Hóa,19.8067,105.7764
Nghệ An,18.6796,105.6813
Hà Tĩnh,18.3428,105.9057
Quảng Trị,16.8163,107.1
Thành phố Huế,16.4637,107.5909
Thành phố Đà Nẵng,16.0544,108.2022
Quảng Ngãi,15.1214,108.8044
Khánh Hòa,12.2388,109.1967
Gia Lai,13.9833,108.0
Đăk Lăk,12.6667,108.05
Lâm Đồng,11.9404,108.4583
Thành phố Đồng Nai,10.9447,106.8243
Tây Ninh,11.31,106.0989
Thành phố Hồ Chí Minh,10.7769,106.7009
Đồng Tháp,10.459,105.6323
An Giang,10.386,105.4351
Vĩnh Long,10.2537,105.9722
Thành phố Cần Thơ,10.0452,105.7469
Cà Mau,9.1769,105.1524
Nhà lưu niệm Lương Văn Tri,,
Hải Vân Quan,,
Nơi đồng chí Nguyễn Tất Thành ở trước khi ra đi tìm đường cứu nước,,
Đình Long Trung,,
Lò gốm Cổ Sành,,
Chùa Thập Tháp Di Đà,,
