h,h_label,r,t,t_label,tau_start,tau_end,l_h_lat,l_h_lon,l_t_lat,l_t_lon,vi_context,source
Văn hóa Soi Nhụ,Văn hóa Soi Nhụ,occurredAt,Việt Nam,Việt Nam,-25000,-7000,,,,,Văn hóa Soi Nhụ,Wikipedia-Timeline
Văn hóa Ngườm,Văn hóa Ngườm,occurredAt,Việt Nam,Việt Nam,-23000,-23000,,,,,Văn hóa Ngườm,Wikipedia-Timeline
Văn hóa Tràng An,Văn hóa Tràng An,occurredAt,Việt Nam,Việt Nam,-23000,-1000,,,,,Văn hóa Tràng An,Wikipedia-Timeline
Văn hóa Sơn Vi,Văn hóa Sơn Vi,occurredAt,Việt Nam,Việt Nam,-20000,-12000,,,,,Văn hóa Sơn Vi,Wikipedia-Timeline
Văn hóa Hòa Bình,Văn hóa Hòa Bình,occurredAt,Việt Nam,Việt Nam,-12000,-10000,,,,,Văn hóa Hòa Bình,Wikipedia-Timeline
Văn hóa Bắc Sơn,Văn hóa Bắc Sơn,occurredAt,Việt Nam,Việt Nam,-10000,-8000,,,,,Văn hóa Bắc Sơn,Wikipedia-Timeline
Văn hóa Quỳnh Văn,Văn hóa Quỳnh Văn,occurredAt,Việt Nam,Việt Nam,-8000,-6000,,,,,Văn hóa Quỳnh Văn,Wikipedia-Timeline
Văn hóa Cái Bèo,Văn hóa Cái Bèo,occurredAt,Việt Nam,Việt Nam,-7000,-5000,,,,,Văn hóa Cái Bèo,Wikipedia-Timeline
Văn hóa Đa Bút,Văn hóa Đa Bút,occurredAt,Việt Nam,Việt Nam,-6000,-5000,,,,,Văn hóa Đa Bút,Wikipedia-Timeline
Văn hóa Hạ Long,Văn hóa Hạ Long,occurredAt,Việt Nam,Việt Nam,-3000,-1500,,,,,Văn hóa Hạ Long,Wikipedia-Timeline
Văn hóa Phùng Nguyên,Văn hóa Phùng Nguyên,occurredAt,Việt Nam,Việt Nam,-2000,-1500,,,,,Văn hóa Phùng Nguyên,Wikipedia-Timeline
Văn hóa Tiền Sa Huỳnh,Văn hóa Tiền Sa Huỳnh,occurredAt,Việt Nam,Việt Nam,-2000,-1000,,,,,Văn hóa Tiền Sa Huỳnh,Wikipedia-Timeline
Văn hóa Đồng Đậu,Văn hóa Đồng Đậu,occurredAt,Việt Nam,Việt Nam,-1500,-1000,,,,,Văn hóa Đồng Đậu,Wikipedia-Timeline
Văn hóa Gò Mun,Văn hóa Gò Mun,occurredAt,Việt Nam,Việt Nam,-1000,-600,,,,,Văn hóa Gò Mun,Wikipedia-Timeline
Văn hóa Sa Huỳnh,Văn hóa Sa Huỳnh,occurredAt,Việt Nam,Việt Nam,-1000,200,,,,,Văn hóa Sa Huỳnh,Wikipedia-Timeline
Văn hóa Đồng Nai,Văn hóa Đồng Nai,occurredAt,Việt Nam,Việt Nam,-1000,0,,,,,Văn hóa Đồng Nai,Wikipedia-Timeline
Văn hóa Đông Sơn,Văn hóa Đông Sơn,occurredAt,Việt Nam,Việt Nam,-700,100,,,,,Văn hóa Đông Sơn,Wikipedia-Timeline
Văn hóa Óc Eo,Văn hóa Óc Eo,occurredAt,Việt Nam,Việt Nam,1,630,,,,,Văn hóa Óc Eo,Wikipedia-Timeline
An Dương Vương,An Dương Vương,occurredAt,Việt Nam,Việt Nam,-207,-207,,,,,"An Dương Vương thôn tính Văn Lang, thành lập quốc gia Âu Lạc",Wikipedia-Timeline
Chiến tranh Tần-Việt,Chiến tranh Tần-Việt,occurredAt,Việt Nam,Việt Nam,-218,-207,,,,,Chiến tranh Tần-Việt,Wikipedia-Timeline
Triệu Đà,Triệu Đà,occurredAt,Việt Nam,Việt Nam,-179,-179,,,,,"Triệu Đà xâm lược nước Âu Lạc, sáp nhập vào quốc gia Nam Việt",Wikipedia-Timeline
Chiến tranh Hán-Nam Việt,Chiến tranh Hán-Nam Việt,occurredAt,Việt Nam,Việt Nam,-111,-111,,,,,Chiến tranh Hán-Nam Việt,Wikipedia-Timeline
Nhà Hán,Nhà Hán,occurredAt,Việt Nam,Việt Nam,-111,-111,,,,,Nhà Hán thôn tính Nam Việt,Wikipedia-Timeline
Khởi nghĩa Hai Bà Trưng,Khởi nghĩa Hai Bà Trưng,occurredAt,Mê Linh,Mê Linh,40,40,,,,,"Khởi nghĩa Hai Bà Trưng, Trưng Trắc thành lập quốc gia Lĩnh Nam, kinh đô đặt tại Mê Linh",Wikipedia-Timeline
Chiến tranh Lĩnh Nam - Đông Hán,Chiến tranh Lĩnh Nam - Đông Hán,occurredAt,Việt Nam,Việt Nam,42,43,,,,,Chiến tranh Lĩnh Nam - Đông Hán,Wikipedia-Timeline
Đông Hán,Đông Hán,occurredAt,Việt Nam,Việt Nam,43,43,,,,,Đông Hán thôn tính Lĩnh Nam,Wikipedia-Timeline
Khởi nghĩa Chu Đạt,Khởi nghĩa Chu Đạt,occurredAt,Việt Nam,Việt Nam,156,160,,,,,Khởi nghĩa Chu Đạt,Wikipedia-Timeline
Khởi nghĩa Lương Long,Khởi nghĩa Lương Long,occurredAt,Việt Nam,Việt Nam,178,181,,,,,Khởi nghĩa Lương Long,Wikipedia-Timeline
Khu Liên,Khu Liên,occurredAt,Việt Nam,Việt Nam,192,192,,,,,"Khu Liên khởi nghĩa, tách quận Nhật Nam thành lập quốc gia Lâm Ấp",Wikipedia-Timeline
Tôn Quyền,Tôn Quyền,occurredAt,Việt Nam,Việt Nam,229,229,,,,,"Tôn Quyền xưng đế, lập nước Đông Ngô, ly khai nhà Hán",Wikipedia-Timeline
Khởi nghĩa Bà Triệu,Khởi nghĩa Bà Triệu,occurredAt,Việt Nam,Việt Nam,246,248,,,,,Khởi nghĩa Bà Triệu,Wikipedia-Timeline
Chiến tranh Tấn – Ngô,Chiến tranh Tấn – Ngô,occurredAt,Việt Nam,Việt Nam,280,280,,,,,Chiến tranh Tấn – Ngô,Wikipedia-Timeline
Lưu Dụ,Lưu Dụ,occurredAt,Việt Nam,Việt Nam,420,420,,,,,"Lưu Dụ ép Tấn Cung Đế nhường ngôi, lập ra nhà Lưu Tống",Wikipedia-Timeline
Đàn Hòa Chi,Đàn Hòa Chi,occurredAt,Việt Nam,Việt Nam,436,436,,,,,"Thứ sử Giao Châu Đàn Hòa Chi đánh Lâm Ấp, cướp châu báu rút về",Wikipedia-Timeline
Lý Trường Nhân,Lý Trường Nhân,occurredAt,Việt Nam,Việt Nam,468,485,,,,,khởi nghĩa Lý Trường Nhân,Wikipedia-Timeline
Tiêu Đạo Thành,Tiêu Đạo Thành,occurredAt,Việt Nam,Việt Nam,479,479,,,,,"Tiêu Đạo Thành phế Lưu Chuẩn tự làm vua, thành lập nhà Nam Tề",Wikipedia-Timeline
Tiêu Diễn,Tiêu Diễn,occurredAt,Việt Nam,Việt Nam,502,502,,,,,"Tiêu Diễn phế truất Tiêu Bảo Dung, thành lập nhà Lương",Wikipedia-Timeline
Khởi nghĩa Lý Bí,Khởi nghĩa Lý Bí,occurredAt,Việt Nam,Việt Nam,542,542,,,,,Khởi nghĩa Lý Bí,Wikipedia-Timeline
Lý Bí,Lý Bí,occurredAt,Việt Nam,Việt Nam,544,544,,,,,Lý Bí thành lập quốc gia Vạn Xuân,Wikipedia-Timeline
Chiến tranh Tùy–Vạn Xuân,Chiến tranh Tùy–Vạn Xuân,occurredAt,Việt Nam,Việt Nam,602,602,,,,,Chiến tranh Tùy–Vạn Xuân,Wikipedia-Timeline
Lý Uyên,Lý Uyên,occurredAt,Việt Nam,Việt Nam,618,618,,,,,Lý Uyên tuyên bố thành lập nhà Đường,Wikipedia-Timeline
Lý Uyên,Lý Uyên,occurredAt,Việt Nam,Việt Nam,618,618,,,,,Lý Uyên ép Dương Hựu nhường ngôi,Wikipedia-Timeline
Lý Tự Tiên,Lý Tự Tiên,occurredAt,Việt Nam,Việt Nam,687,687,,,,,Khởi nghĩa Lý Tự Tiên,Wikipedia-Timeline
Mai Hắc Đế,Mai Hắc Đế,occurredAt,Việt Nam,Việt Nam,713,723,,,,,Khởi nghĩa Mai Hắc Đế,Wikipedia-Timeline
Phùng Hưng,Phùng Hưng,occurredAt,Việt Nam,Việt Nam,776,791,,,,,Khởi nghĩa Phùng Hưng,Wikipedia-Timeline
Khúc Thừa Dụ,Khúc Thừa Dụ,occurredAt,Việt Nam,Việt Nam,905,905,,,,,Khúc Thừa Dụ xây dựng chính quyền tự chủ,Wikipedia-Timeline
Trận Bạch Đằng,Trận Bạch Đằng,occurredAt,sông Bạch Đằng,sông Bạch Đằng,938,938,,,,,"Trận Bạch Đằng, Ngô Quyền đánh bại quân Nam Hán trên sông Bạch Đằng",Wikipedia-Timeline
Ngô Quyền,Ngô Quyền,occurredAt,Việt Nam,Việt Nam,939,939,,,,,"Ngô Quyền xưng vương, kinh đô Cổ Loa",Wikipedia-Timeline
Loạn 12 sứ quân,Loạn 12 sứ quân,occurredAt,Việt Nam,Việt Nam,944,968,,,,,Loạn 12 sứ quân,Wikipedia-Timeline
Đinh Bộ Lĩnh,Đinh Bộ Lĩnh,occurredAt,Việt Nam,Việt Nam,968,968,,,,,"Đinh Bộ Lĩnh xưng đế, thành lập quốc gia Đại Cồ Việt, kinh đô Hoa Lư",Wikipedia-Timeline
Đinh Bộ Lĩnh,Đinh Bộ Lĩnh,occurredAt,Việt Nam,Việt Nam,970,970,,,,,"Đinh Bộ Lĩnh cho đúc Thái Bình hưng bảo, đồng tiền đầu tiên của Việt Nam",Wikipedia-Timeline
Đinh Bộ Lĩnh,Đinh Bộ Lĩnh,occurredAt,Việt Nam,Việt Nam,979,979,,,,,Đinh Bộ Lĩnh cùng con trai bị sát hại,Wikipedia-Timeline
Lê Hoàn,Lê Hoàn,occurredAt,Việt Nam,Việt Nam,980,980,,,,,"Lê Hoàn lên ngôi vua, thành lập nhà Tiền Lê",Wikipedia-Timeline
Chiến tranh Tống - Việt,Chiến tranh Tống - Việt,occurredAt,Việt Nam,Việt Nam,981,981,,,,,Chiến tranh Tống - Việt,Wikipedia-Timeline
Lý Công Uẩn,Lý Công Uẩn,occurredAt,Việt Nam,Việt Nam,1009,1009,,,,,"Lý Công Uẩn lên ngôi vua, thành lập nhà Lý",Wikipedia-Timeline
Lý Công Uẩn,Lý Công Uẩn,occurredAt,Việt Nam,Việt Nam,1010,1010,,,,,Lý Công Uẩn dời đô về Thăng Long,Wikipedia-Timeline
Lý Thánh Tông,Lý Thánh Tông,occurredAt,Việt Nam,Việt Nam,1054,1054,,,,,"Lý Thánh Tông lên ngôi, đổi tên nước từ Đại Cồ Việt thành Đại Việt",Wikipedia-Timeline
Chiến tranh Việt-Chiêm,Chiến tranh Việt-Chiêm,occurredAt,Việt Nam,Việt Nam,1069,1069,,,,,"Chiến tranh Việt-Chiêm, Đại Việt chiếm được 3 châu của Chiêm Thành",Wikipedia-Timeline
Chiến tranh Tống-Việt,Chiến tranh Tống-Việt,occurredAt,Việt Nam,Việt Nam,1075,1077,,,,,Chiến tranh Tống-Việt,Wikipedia-Timeline
Trận Như Nguyệt,Trận Như Nguyệt,occurredAt,Việt Nam,Việt Nam,1077,1077,,,,,"Trận Như Nguyệt, đẩy lùi quân xâm lược Tống",Wikipedia-Timeline
Lý Chiêu Hoàng,Lý Chiêu Hoàng,occurredAt,Việt Nam,Việt Nam,1226,1226,,,,,"Lý Chiêu Hoàng nhường ngôi cho Trần Cảnh, thành lập nhà Trần",Wikipedia-Timeline
Chiến tranh Nguyên Mông–Đại Việt lần 1,Chiến tranh Nguyên Mông–Đại Việt lần 1,occurredAt,Việt Nam,Việt Nam,1258,1258,,,,,Chiến tranh Nguyên Mông–Đại Việt lần 1,Wikipedia-Timeline
Hội nghị Bình Than,Hội nghị Bình Than,occurredAt,Việt Nam,Việt Nam,1282,1282,,,,,"Hội nghị Bình Than, triệu họp vương hầu, trăm quan",Wikipedia-Timeline
Hội nghị Diên Hồng,Hội nghị Diên Hồng,occurredAt,Việt Nam,Việt Nam,1284,1284,,,,,"Hội nghị Diên Hồng, triệu họp bô lão cả nước",Wikipedia-Timeline
Chiến tranh Nguyên Mông-Đại Việt lần 2,Chiến tranh Nguyên Mông-Đại Việt lần 2,occurredAt,Việt Nam,Việt Nam,1285,1285,,,,,Chiến tranh Nguyên Mông-Đại Việt lần 2,Wikipedia-Timeline
Chiến tranh Nguyên Mông–Đại Việt lần 3,Chiến tranh Nguyên Mông–Đại Việt lần 3,occurredAt,Việt Nam,Việt Nam,1287,1288,,,,,Chiến tranh Nguyên Mông–Đại Việt lần 3,Wikipedia-Timeline
Thông bảo hội sao,Thông bảo hội sao,occurredAt,Việt Nam,Việt Nam,1396,1396,,,,,"Phát hành tiền giấy Thông bảo hội sao theo chủ trương của Hồ Quý Ly, đây là tiền giấy đầu tiên của Việt Nam",Wikipedia-Timeline
Hồ Quý Ly,Hồ Quý Ly,occurredAt,Việt Nam,Việt Nam,1397,1397,,,,,Hồ Quý Ly ép Trần Thuận Tông dời đô về Tây Đô,Wikipedia-Timeline
Hồ Quý Ly,Hồ Quý Ly,occurredAt,Việt Nam,Việt Nam,1400,1400,,,,,"Hồ Quý Ly lên ngôi, thành lập nhà Hồ, đổi tên nước thành Đại Ngu",Wikipedia-Timeline
Chiến tranh Việt-Chiêm,Chiến tranh Việt-Chiêm,occurredAt,Việt Nam,Việt Nam,1400,1407,,,,,Chiến tranh Việt-Chiêm,Wikipedia-Timeline
Chiến tranh Đại Ngu–Đại Minh,Chiến tranh Đại Ngu–Đại Minh,occurredAt,Việt Nam,Việt Nam,1406,1407,,,,,Chiến tranh Đại Ngu–Đại Minh,Wikipedia-Timeline
Nhà Minh,Nhà Minh,occurredAt,Việt Nam,Việt Nam,1407,1407,,,,,"Nhà Minh thôn tính Đại Ngu, đặt làm quận Giao Chỉ, trung tâm hành chính là Đông Quan",Wikipedia-Timeline
Trần Ngỗi,Trần Ngỗi,occurredAt,Việt Nam,Việt Nam,1407,1407,,,,,"Trần Ngỗi xưng Giản Định đế, lập nên nhà Hậu Trần",Wikipedia-Timeline
Nhà Hậu Trần,Nhà Hậu Trần,occurredAt,Việt Nam,Việt Nam,1413,1413,,,,,Nhà Hậu Trần bị nhà Minh đánh bại,Wikipedia-Timeline
Khởi nghĩa Lam Sơn,Khởi nghĩa Lam Sơn,occurredAt,Việt Nam,Việt Nam,1418,1427,,,,,Khởi nghĩa Lam Sơn,Wikipedia-Timeline
Lê Lợi,Lê Lợi,occurredAt,Đông Kinh,Đông Kinh,1428,1428,,,,,"Lê Lợi thành lập quốc gia Đại Việt, đặt kinh đô tại Đông Kinh",Wikipedia-Timeline
Vụ án Lệ Chi viên,Vụ án Lệ Chi viên,occurredAt,Việt Nam,Việt Nam,1442,1442,,,,,Vụ án Lệ Chi viên,Wikipedia-Timeline
Chính biến Thiên Hưng,Chính biến Thiên Hưng,occurredAt,Việt Nam,Việt Nam,1459,1460,,,,,"Chính biến Thiên Hưng, Lê Thánh Tông lên ngôi",Wikipedia-Timeline
Chiến tranh Việt–Chiêm,Chiến tranh Việt–Chiêm,occurredAt,Việt Nam,Việt Nam,1471,1471,,,,,"Chiến tranh Việt–Chiêm, miền bắc Chiêm Thành sáp nhập vào Đại Việt",Wikipedia-Timeline
Chiến tranh Đại Việt–Lan Xang,Chiến tranh Đại Việt–Lan Xang,occurredAt,Việt Nam,Việt Nam,1478,1480,,,,,Chiến tranh Đại Việt–Lan Xang,Wikipedia-Timeline
Luật Hồng Đức,Luật Hồng Đức,occurredAt,Việt Nam,Việt Nam,1483,1483,,,,,Biên soạn Luật Hồng Đức,Wikipedia-Timeline
Trần Tuân,Trần Tuân,occurredAt,Việt Nam,Việt Nam,1511,1512,,,,,Khởi nghĩa Trần Tuân,Wikipedia-Timeline
Trần Cảo,Trần Cảo,occurredAt,Việt Nam,Việt Nam,1516,1521,,,,,Khởi nghĩa Trần Cảo,Wikipedia-Timeline
Khủng hoảng cuối nhà Lê sơ,Khủng hoảng cuối nhà Lê sơ,occurredAt,Việt Nam,Việt Nam,1516,1526,,,,,Khủng hoảng cuối nhà Lê sơ và nội chiến,Wikipedia-Timeline
Mạc Đăng Dung,Mạc Đăng Dung,occurredAt,Việt Nam,Việt Nam,1527,1527,,,,,"Mạc Đăng Dung ép Lê Cung Hoàng nhường ngôi, lập lên nhà Mạc",Wikipedia-Timeline
Nguyễn Kim,Nguyễn Kim,occurredAt,Vạn Lại,Vạn Lại,1533,1533,,,,,"Nguyễn Kim lập Lê Ninh làm vua, tái lập nhà Lê, đóng đô tại Vạn Lại",Wikipedia-Timeline
Chiến tranh Lê–Mạc,Chiến tranh Lê–Mạc,occurredAt,Việt Nam,Việt Nam,1533,1677,,,,,Chiến tranh Lê–Mạc,Wikipedia-Timeline
Lê trung hưng,Lê trung hưng,occurredAt,Việt Nam,Việt Nam,1592,1592,,,,,"Nhà Lê trung hưng đánh bại nhà Mạc, lên nắm quyền điều hành đất nước",Wikipedia-Timeline
Lê Thế Tông,Lê Thế Tông,occurredAt,Việt Nam,Việt Nam,1597,1597,,,,,Lê Thế Tông dời đô về Đông Kinh,Wikipedia-Timeline
Nguyễn Hoàng,Nguyễn Hoàng,occurredAt,Việt Nam,Việt Nam,1558,1558,,,,,Nguyễn Hoàng vào trấn thủ Thuận Hóa,Wikipedia-Timeline
Trịnh – Nguyễn phân tranh,Trịnh – Nguyễn phân tranh,occurredAt,Việt Nam,Việt Nam,1627,1672,,,,,Trịnh – Nguyễn phân tranh,Wikipedia-Timeline
Lê trung hưng,Lê trung hưng,occurredAt,Việt Nam,Việt Nam,1683,1683,,,,,Nhà Lê trung hưng đánh bại hoàn toàn nhà Mạc,Wikipedia-Timeline
Khởi nghĩa Tây Sơn,Khởi nghĩa Tây Sơn,occurredAt,Việt Nam,Việt Nam,1771,1771,,,,,Khởi nghĩa Tây Sơn,Wikipedia-Timeline
Bình Nam,Bình Nam,occurredAt,Việt Nam,Việt Nam,1774,1775,,,,,Chiến tranh Bình Nam,Wikipedia-Timeline
Nguyễn Ánh,Nguyễn Ánh,occurredAt,Việt Nam,Việt Nam,1777,1777,,,,,Nguyễn Ánh xưng vương,Wikipedia-Timeline
Nguyễn Nhạc,Nguyễn Nhạc,occurredAt,Quy Nhơn,Quy Nhơn,1778,1778,,,,,"Nguyễn Nhạc xưng Hoàng đế, đặt niên hiệu Thái Đức, lập lên nhà Tây Sơn, đặt kinh đô tại Quy Nhơn",Wikipedia-Timeline
Rạch Gầm – Xoài Mút,Rạch Gầm – Xoài Mút,occurredAt,Việt Nam,Việt Nam,1785,1785,,,,,Nguyễn Huệ phá tan quân Xiêm tại Rạch Gầm – Xoài Mút,Wikipedia-Timeline
Nguyễn Nhạc,Nguyễn Nhạc,occurredAt,Việt Nam,Việt Nam,1788,1788,,,,,"Nguyễn Nhạc từ bỏ đế hiệu, chỉ xưng Tây Sơn vương",Wikipedia-Timeline
Nguyễn Huệ,Nguyễn Huệ,occurredAt,Phú Xuân,Phú Xuân,1788,1788,,,,,"Nguyễn Huệ xưng đế, đặt niên hiệu Quang Trung, đặt kinh đô tại Phú Xuân",Wikipedia-Timeline
Trận Ngọc Hồi – Đống Đa,Trận Ngọc Hồi – Đống Đa,occurredAt,Việt Nam,Việt Nam,1789,1789,,,,,"Trận Ngọc Hồi – Đống Đa, đẩy lui quân xâm lược nhà Thanh, nhà Hậu Lê sụp đổ",Wikipedia-Timeline
Nguyễn Huệ,Nguyễn Huệ,occurredAt,Việt Nam,Việt Nam,1792,1792,,,,,"Nguyễn Huệ qua đời, con trai Nguyễn Quang Toản lên ngôi",Wikipedia-Timeline
Nguyễn Ánh,Nguyễn Ánh,occurredAt,Phú Xuân,Phú Xuân,1802,1802,,,,,"Nguyễn Ánh đánh bại nhà Tây Sơn, lên ngôi vua, đặt niên hiệu là Gia Long, lập lên nhà Nguyễn, đặt kinh đô tại Phú Xuân",Wikipedia-Timeline
Nổi dậy Đá Vách,Nổi dậy Đá Vách,occurredAt,Việt Nam,Việt Nam,1803,1855,,,,,Nổi dậy Đá Vách,Wikipedia-Timeline
Nguyễn Ánh,Nguyễn Ánh,occurredAt,Việt Nam,Việt Nam,1804,1804,,,,,Nguyễn Ánh đổi tên nước thành Việt Nam,Wikipedia-Timeline
Khởi nghĩa Phan Bá Vành,Khởi nghĩa Phan Bá Vành,occurredAt,Việt Nam,Việt Nam,1821,1827,,,,,Khởi nghĩa Phan Bá Vành,Wikipedia-Timeline
Chiến tranh Việt–Xiêm,Chiến tranh Việt–Xiêm,occurredAt,Việt Nam,Việt Nam,1833,1834,,,,,Chiến tranh Việt–Xiêm,Wikipedia-Timeline
Việt Nam,Việt Nam,occurredAt,Việt Nam,Việt Nam,1836,1836,,,,,"Việt Nam thôn tính Chân Lạp, đặt làm Trấn Tây Thành",Wikipedia-Timeline
Minh Mạng,Minh Mạng,occurredAt,Việt Nam,Việt Nam,1839,1839,,,,,Minh Mạng đổi tên nước thành Đại Nam,Wikipedia-Timeline
Trấn Tây Thành,Trấn Tây Thành,occurredAt,Việt Nam,Việt Nam,1841,1841,,,,,"Rút quân khỏi Trấn Tây Thành, Xiêm đặt Ang Duong lên ngôi, tái lập Chân Lạp",Wikipedia-Timeline
Chiến tranh Pháp-Đại Nam,Chiến tranh Pháp-Đại Nam,occurredAt,Việt Nam,Việt Nam,1858,1884,,,,,Chiến tranh Pháp-Đại Nam,Wikipedia-Timeline
Nguyễn Trung Trực,Nguyễn Trung Trực,occurredAt,Việt Nam,Việt Nam,1861,1861,,,,,Nguyễn Trung Trực đánh chìm tàu hi vọng của Pháp,Wikipedia-Timeline
Bạo loạn ven biển,Bạo loạn ven biển,occurredAt,Việt Nam,Việt Nam,1861,1865,,,,,Bạo loạn ven biển,Wikipedia-Timeline
Trương Định,Trương Định,occurredAt,Việt Nam,Việt Nam,1862,1862,,,,,"cuộc kháng chiến của ""Bình Tây Đại Nguyên Soái"" Trương Định, năm 1864 ông bị phản bội và tự vẫn",Wikipedia-Timeline
Chính biến chày vôi,Chính biến chày vôi,occurredAt,Việt Nam,Việt Nam,1866,1866,,,,,Chính biến chày vôi,Wikipedia-Timeline
Nhà Nguyễn,Nhà Nguyễn,occurredAt,Việt Nam,Việt Nam,1867,1867,,,,,Nhà Nguyễn cắt Nam Kỳ lục tỉnh nhượng cho Pháp,Wikipedia-Timeline
Hòa ước Giáp Thân,Hòa ước Giáp Thân,occurredAt,Việt Nam,Việt Nam,1884,1884,,,,,"Hòa ước Giáp Thân, kết thúc Chiến tranh Pháp–Đại Nam, triều đình nhà Nguyễn chấp nhận sự bảo hộ của Pháp",Wikipedia-Timeline
Phong trào Cần Vương,Phong trào Cần Vương,occurredAt,Việt Nam,Việt Nam,1885,1895,,,,,Phong trào Cần Vương,Wikipedia-Timeline
Thực dân Pháp,Thực dân Pháp,occurredAt,Sài Gòn,Sài Gòn,1887,1887,,,,,"Thực dân Pháp thành lập Liên bang Đông Dương, gồm Bắc Kỳ, Trung Kỳ, Nam Kỳ và Campuchia, đặt thủ đô tại Sài Gòn",Wikipedia-Timeline
Lào,Lào,occurredAt,Việt Nam,Việt Nam,1893,1893,,,,,Sáp nhập Lào vào Liên bang Đông Dương,Wikipedia-Timeline
Quảng Châu Loan,Quảng Châu Loan,occurredAt,Việt Nam,Việt Nam,1898,1898,,,,,Sáp nhập Quảng Châu Loan vào Liên bang Đông Dương,Wikipedia-Timeline
Liên bang Đông Dương,Liên bang Đông Dương,occurredAt,Việt Nam,Việt Nam,1902,1902,,,,,Liên bang Đông Dương dời thủ đô về Hà Nội,Wikipedia-Timeline
Phong trào Duy Tân,Phong trào Duy Tân,occurredAt,Việt Nam,Việt Nam,1906,1908,,,,,Phong trào Duy Tân,Wikipedia-Timeline
Phong trào chống sưu thuế Trung Kỳ,Phong trào chống sưu thuế Trung Kỳ,occurredAt,Việt Nam,Việt Nam,1908,1908,,,,,Phong trào chống sưu thuế Trung Kỳ,Wikipedia-Timeline
châu Âu,châu Âu,occurredAt,Việt Nam,Việt Nam,1914,1918,,,,,Khoảng 100.000 người Việt bị ép sang châu Âu chiến đấu cho Pháp trong Chiến tranh thế giới thứ nhất,Wikipedia-Timeline
Khởi nghĩa Thái Nguyên,Khởi nghĩa Thái Nguyên,occurredAt,Việt Nam,Việt Nam,1917,1917,,,,,Khởi nghĩa Thái Nguyên,Wikipedia-Timeline
Nguyễn Ái Quốc,Nguyễn Ái Quốc,occurredAt,Việt Nam,Việt Nam,1919,1919,,,,,Nguyễn Ái Quốc gửi Yêu sách của nhân dân An Nam tới Hội nghị Hòa bình Versailles,Wikipedia-Timeline
Đảng Cộng sản Việt Nam,Đảng Cộng sản Việt Nam,occurredAt,Việt Nam,Việt Nam,1930,1930,,,,,Hợp nhất ba tổ chức cộng sản thành Đảng Cộng sản Việt Nam,Wikipedia-Timeline
Xô Viết Nghệ Tĩnh,Xô Viết Nghệ Tĩnh,occurredAt,Việt Nam,Việt Nam,1930,1931,,,,,Phong trào Xô Viết Nghệ Tĩnh,Wikipedia-Timeline
Pháp,Pháp,occurredAt,Việt Nam,Việt Nam,1939,1939,,,,,Khoảng 20.000 thanh niên Việt Nam bị cưỡng bức phục vụ Pháp trong chiến tranh thế giới thứ hai,Wikipedia-Timeline
Nhật Bản,Nhật Bản,occurredAt,Việt Nam,Việt Nam,1940,1940,,,,,Quân đội Nhật Bản tiến vào Đông Dương,Wikipedia-Timeline
Chính phủ Pháp,Chính phủ Pháp,occurredAt,Việt Nam,Việt Nam,1940,1940,,,,,"Chính phủ Pháp chấp nhận mọi yêu sách, chấp nhận việc chiếm đóng cùng giao quyền điều hành những căn cứ quân sự cho quân đội Nhật",Wikipedia-Timeline
Việt Nam Tuyên truyền Giải phóng quân,Việt Nam Tuyên truyền Giải phóng quân,occurredAt,Việt Nam,Việt Nam,1944,1944,,,,,Việt Nam Tuyên truyền Giải phóng quân được thành lập,Wikipedia-Timeline
thực dân Pháp,thực dân Pháp,occurredAt,Việt Nam,Việt Nam,1945,1945,,,,,Nhật đảo chính thực dân Pháp,Wikipedia-Timeline
Đế quốc Việt Nam,Đế quốc Việt Nam,occurredAt,Việt Nam,Việt Nam,1945,1945,,,,,"Thành lập Đế quốc Việt Nam, phụ thuộc Đế quốc Nhật Bản",Wikipedia-Timeline
Cách mạng tháng Tám,Cách mạng tháng Tám,occurredAt,Việt Nam,Việt Nam,1945,1945,,,,,Cách mạng tháng Tám,Wikipedia-Timeline
Đế quốc Việt Nam,Đế quốc Việt Nam,occurredAt,Việt Nam,Việt Nam,1945,1945,,,,,Đế quốc Việt Nam sụp đổ,Wikipedia-Timeline
Bảo Đại,Bảo Đại,occurredAt,Việt Nam,Việt Nam,1945,1945,,,,,Bảo Đại thoái vị,Wikipedia-Timeline
Hồ Chí Minh,Hồ Chí Minh,occurredAt,Việt Nam,Việt Nam,1945,1945,,,,,"Hồ Chí Minh tuyên bố độc lập, thành lập nước Việt Nam Dân chủ Cộng hòa",Wikipedia-Timeline
Bình dân học vụ,Bình dân học vụ,occurredAt,Việt Nam,Việt Nam,1945,1945,,,,,Phát động phong trào Bình dân học vụ,Wikipedia-Timeline
Sài Gòn,Sài Gòn,occurredAt,Việt Nam,Việt Nam,1945,1945,,,,,"Quân Pháp nổ súng tại Sài Gòn, bắt đầu cuộc chiến tranh xâm lược Việt Nam lần 2",Wikipedia-Timeline
Trần Văn Giàu,Trần Văn Giàu,occurredAt,Việt Nam,Việt Nam,1945,1945,,,,,Trần Văn Giàu kêu gọi Nam Bộ kháng chiến,Wikipedia-Timeline
Tổng tuyển cử,Tổng tuyển cử,occurredAt,Việt Nam,Việt Nam,1946,1946,,,,,Tổng tuyển cử bầu Quốc hội đầu tiên,Wikipedia-Timeline
Pháp,Pháp,occurredAt,Việt Nam,Việt Nam,1946,1946,,,,,"Pháp lập nên Cộng hòa Tự trị Nam Kỳ thuộc Liên hiệp Pháp, thủ đô Sài Gòn",Wikipedia-Timeline
Tạm ước Việt - Pháp,Tạm ước Việt - Pháp,occurredAt,Việt Nam,Việt Nam,1946,1946,,,,,Tạm ước Việt - Pháp,Wikipedia-Timeline
Hiến pháp 1946,Hiến pháp 1946,occurredAt,Việt Nam,Việt Nam,1946,1946,,,,,"thông qua Hiến pháp 1946, hiến pháp đầu tiên của nước Việt Nam độc lập",Wikipedia-Timeline
Hồ Chí Minh,Hồ Chí Minh,occurredAt,Việt Nam,Việt Nam,1946,1946,,,,,Hồ Chí Minh kêu gọi Toàn quốc kháng chiến,Wikipedia-Timeline
Chiến dịch Việt Bắc Thu - Đông 1947,Chiến dịch Việt Bắc Thu - Đông 1947,occurredAt,Việt Nam,Việt Nam,1947,1947,,,,,Chiến dịch Việt Bắc Thu - Đông 1947,Wikipedia-Timeline
Pháp,Pháp,occurredAt,Việt Nam,Việt Nam,1949,1949,,,,,"Pháp lập nên Quốc gia Việt Nam, quốc trưởng Bảo Đại, thủ đô Sài Gòn",Wikipedia-Timeline
Mỹ,Mỹ,occurredAt,Việt Nam,Việt Nam,1950,1950,,,,,Mỹ bắt đầu can thiệp quân sự vào Việt Nam,Wikipedia-Timeline
Chiến dịch Biên giới,Chiến dịch Biên giới,occurredAt,Việt Nam,Việt Nam,1950,1950,,,,,Chiến dịch Biên giới,Wikipedia-Timeline
Chiến dịch Điện Biên Phủ,Chiến dịch Điện Biên Phủ,occurredAt,Việt Nam,Việt Nam,1954,1954,,,,,Chiến dịch Điện Biên Phủ,Wikipedia-Timeline
Hiệp định Genève,Hiệp định Genève,occurredAt,Việt Nam,Việt Nam,1954,1954,,,,,"Hiệp định Genève, Pháp rút quân khỏi Việt Nam và đất nước bị chia cắt",Wikipedia-Timeline
Giải phóng Thủ đô,Giải phóng Thủ đô,occurredAt,Việt Nam,Việt Nam,1954,1954,,,,,Giải phóng Thủ đô,Wikipedia-Timeline
Ngô Đình Diệm,Ngô Đình Diệm,occurredAt,Việt Nam,Việt Nam,1955,1955,,,,,"Ngô Đình Diệm phế truất Bảo Đại, lên làm Tổng thống, lập nên Việt Nam Cộng hòa",Wikipedia-Timeline
Đồng khởi,Đồng khởi,occurredAt,Việt Nam,Việt Nam,1959,1960,,,,,Phong trào Đồng khởi,Wikipedia-Timeline
Mặt trận Dân tộc Giải phóng miền Nam Việt Nam,Mặt trận Dân tộc Giải phóng miền Nam Việt Nam,occurredAt,Việt Nam,Việt Nam,1960,1960,,,,,Thành lập Mặt trận Dân tộc Giải phóng miền Nam Việt Nam,Wikipedia-Timeline
Quân Giải phóng miền Nam Việt Nam,Quân Giải phóng miền Nam Việt Nam,occurredAt,Việt Nam,Việt Nam,1961,1961,,,,,Thành lập Quân Giải phóng miền Nam Việt Nam,Wikipedia-Timeline
Chiến tranh đặc biệt,Chiến tranh đặc biệt,occurredAt,Việt Nam,Việt Nam,1961,1965,,,,,Kế hoạch Chiến tranh đặc biệt,Wikipedia-Timeline
Ngô Đình Diệm,Ngô Đình Diệm,occurredAt,Việt Nam,Việt Nam,1963,1963,,,,,Đảo chính lật đổ chính quyền Ngô Đình Diệm,Wikipedia-Timeline
Mỹ,Mỹ,occurredAt,miền Nam Việt Nam,miền Nam Việt Nam,1965,1965,,,,,Mỹ bắt đầu đưa quân vào tham chiến tại miền Nam Việt Nam,Wikipedia-Timeline
Chiến tranh cục bộ,Chiến tranh cục bộ,occurredAt,Việt Nam,Việt Nam,1965,1968,,,,,Kế hoạch Chiến tranh cục bộ của Mỹ,Wikipedia-Timeline
Việt Nam hóa chiến tranh,Việt Nam hóa chiến tranh,occurredAt,Việt Nam,Việt Nam,1968,1973,,,,,Kế hoạch Việt Nam hóa chiến tranh của Mỹ,Wikipedia-Timeline
Cộng hòa Miền Nam Việt Nam,Cộng hòa Miền Nam Việt Nam,occurredAt,Việt Nam,Việt Nam,1969,1969,,,,,"Thành lập Cộng hòa Miền Nam Việt Nam, thủ đô Tây Ninh",Wikipedia-Timeline
Hồ Chí Minh,Hồ Chí Minh,occurredAt,Việt Nam,Việt Nam,1969,1969,,,,,Chủ tịch Hồ Chí Minh từ trần,Wikipedia-Timeline
Chiến dịch Điện Biên Phủ trên không,Chiến dịch Điện Biên Phủ trên không,occurredAt,Việt Nam,Việt Nam,1972,1972,,,,,Chiến dịch Điện Biên Phủ trên không,Wikipedia-Timeline
Hiệp định Paris,Hiệp định Paris,occurredAt,Việt Nam,Việt Nam,1973,1973,,,,,"Hiệp định Paris, Mỹ rút quân khỏi Việt Nam",Wikipedia-Timeline
Hải chiến Hoàng Sa,Hải chiến Hoàng Sa,occurredAt,Việt Nam,Việt Nam,1974,1974,,,,,"Hải chiến Hoàng Sa, Việt Nam Cộng hòa mất toàn bộ quần đảo Hoàng Sa vào tay Trung Quốc",Wikipedia-Timeline
Chiến dịch Hồ Chí Minh,Chiến dịch Hồ Chí Minh,occurredAt,Việt Nam,Việt Nam,1975,1975,,,,,Chiến dịch Hồ Chí Minh,Wikipedia-Timeline
Việt Nam Cộng hòa,Việt Nam Cộng hòa,occurredAt,Việt Nam,Việt Nam,1975,1975,,,,,"Chính quyền Việt Nam Cộng hòa đầu hàng vô điều kiện Cộng hòa Miền Nam Việt Nam, kết thúc Chiến tranh Việt Nam",Wikipedia-Timeline
Cộng hòa xã hội chủ nghĩa Việt Nam,Cộng hòa xã hội chủ nghĩa Việt Nam,occurredAt,Việt Nam,Việt Nam,1976,1976,,,,,"Tái thống nhất, đổi tên nước thành Cộng hòa xã hội chủ nghĩa Việt Nam",Wikipedia-Timeline
Liên Hợp Quốc,Liên Hợp Quốc,occurredAt,Việt Nam,Việt Nam,1977,1977,,,,,Gia nhập Liên Hợp Quốc,Wikipedia-Timeline
Chiến tranh biên giới Tây Nam,Chiến tranh biên giới Tây Nam,occurredAt,Việt Nam,Việt Nam,1975,1979,,,,,Chiến tranh biên giới Tây Nam,Wikipedia-Timeline
Chiến tranh biên giới phía Bắc,Chiến tranh biên giới phía Bắc,occurredAt,Việt Nam,Việt Nam,1979,1979,,,,,Chiến tranh biên giới phía Bắc,Wikipedia-Timeline
Kế hoạch CM-12,Kế hoạch CM-12,occurredAt,Việt Nam,Việt Nam,1981,1988,,,,,Kế hoạch CM-12,Wikipedia-Timeline
Đổi Mới,Đổi Mới,occurredAt,Việt Nam,Việt Nam,1986,1986,,,,,bắt đầu Đổi Mới,Wikipedia-Timeline
Xung đột Trường Sa,Xung đột Trường Sa,occurredAt,Việt Nam,Việt Nam,1988,1988,,,,,"Xung đột Trường Sa, Trung Quốc chiến được đá Gạc Ma, Việt Nam giữ được đá Cô Lin và đá Len Đao",Wikipedia-Timeline
Bình thường hóa quan hệ với Mỹ,Bình thường hóa quan hệ với Mỹ,occurredAt,Việt Nam,Việt Nam,1995,1995,,,,,Bình thường hóa quan hệ với Mỹ,Wikipedia-Timeline
ASEAN,ASEAN,occurredAt,Việt Nam,Việt Nam,1995,1995,,,,,Gia nhập ASEAN,Wikipedia-Timeline
APEC,APEC,occurredAt,Việt Nam,Việt Nam,1998,1998,,,,,Gia nhập APEC,Wikipedia-Timeline
WTO,WTO,occurredAt,Việt Nam,Việt Nam,2007,2007,,,,,Gia nhập WTO,Wikipedia-Timeline
Hiến pháp 2013,Hiến pháp 2013,occurredAt,Việt Nam,Việt Nam,2013,2013,,,,,"Thông qua Hiến pháp 2013, hiến pháp hiện hành của Việt Nam",Wikipedia-Timeline
Vụ hạ giàn khoan Hải Dương 981,Vụ hạ giàn khoan Hải Dương 981,occurredAt,Việt Nam,Việt Nam,2014,2014,,,,,Vụ hạ giàn khoan Hải Dương 981,Wikipedia-Timeline
Đại dịch COVID-19,Đại dịch COVID-19,occurredAt,Việt Nam,Việt Nam,2020,2023,,,,,Đại dịch COVID-19,Wikipedia-Timeline
Cải cách điền địa (Việt Nam Cộng hòa),Cải cách điền địa (Việt Nam Cộng hòa),occurredAt,Việt Nam,Việt Nam,1954,1954,,,,,Cải cách điền địa là tên gọi chung cho 2 đợt phân phối lại ruộng đất trong khuôn khổ chương trình Cải cách nông nghiệp và Phát triển nông thôn ở miền Nam (từ vĩ tuyến 17 trở xuống phía Nam) từ 1954–1975 sau Hiệp định Genève do Việt Nam Cộng hòa thực hiện.,Wikipedia-EventCategory
Cải cách ruộng đất tại miền Bắc Việt Nam,Cải cách ruộng đất tại miền Bắc Việt Nam,occurredAt,Việt Nam,Việt Nam,1953,1953,,,,,"Cải cách ruộng đất tại miền Bắc Việt Nam là chương trình nhằm phân chia lại ruộng đất nông thôn, xóa bỏ văn hóa phong kiến, tiêu diệt các thành phần phản quốc (theo Pháp, chống đất nước), phản động (chống chính quyền) như địa chủ phản cách mạng, Việt gian, cường hào cộng tác với Pháp... được Đảng La",Wikipedia-EventCategory
Công hàm năm 1958 của Thủ tướng Phạm Văn Đồng,Công hàm năm 1958 của Thủ tướng Phạm Văn Đồng,occurredAt,Việt Nam,Việt Nam,1958,1958,,,,,"Công hàm năm 1958 của Thủ tướng Phạm Văn Đồng là công hàm do Thủ tướng Chính phủ Việt Nam Dân chủ Cộng hòa Phạm Văn Đồng gửi cho Thủ tướng Quốc vụ viện Cộng hòa Nhân dân Trung Hoa Chu Ân Lai vào ngày 14 tháng 9 năm 1958. Công hàm này được gửi sang Trung Quốc bằng điện báo, sau đó sáng ngày 21 tháng ",Wikipedia-EventCategory
Cuộc di cư Việt Nam (1954),Cuộc di cư Việt Nam (1954),occurredAt,Việt Nam,Việt Nam,1954,1954,,,,,"Cuộc di cư năm 1954 (tiếng Anh: Operation Passage to Freedom, 'Chiến dịch Con đường đến Tự do', hoặc Operation Exodus) là một cuộc di cư của gần một triệu người Việt Nam từ miền Bắc Việt Nam (vùng tập kết quân sự do Việt Nam Dân chủ Cộng hòa kiểm soát) đến miền Nam Việt Nam (vùng tập kết quân sự do ",Wikipedia-EventCategory
Đại lộ Kinh Hoàng,Đại lộ Kinh Hoàng,occurredAt,Việt Nam,Việt Nam,1972,1972,,,,,"Đại lộ Kinh Hoàng là tên không chính thức cho một đoạn đường dài khoảng 9 km tại tỉnh Quảng Trị, nơi mà theo tuyên bố của Việt Nam Cộng hòa thì đoàn quân của Việt Nam Cộng hòa đang rút chạy về phía Nam trong Chiến dịch Xuân-Hè 1972 thời kỳ Chiến tranh Việt Nam đã bị trúng pháo kích của Quân Giải phó",Wikipedia-EventCategory
Chiến dịch Điện Biên Phủ,Chiến dịch Điện Biên Phủ,occurredAt,Việt Nam,Việt Nam,1954,1954,,,,,"Trận Điện Biên Phủ (tiếng Pháp: Bataille de Diên Biên Phu; phát âm [bataj də djɛ̃ bjɛ̃ fy]), còn gọi là Chiến dịch Điện Biên Phủ, là trận đánh lớn nhất trong Chiến tranh Đông Dương lần thứ nhất diễn ra tại lòng chảo Mường Thanh, châu Điện Biên, tỉnh Lai Châu (nay thuộc thành phố Điện Biên Phủ, tỉnh ",Wikipedia-EventCategory
Hiệp định sơ bộ Pháp – Việt (1946),Hiệp định sơ bộ Pháp – Việt (1946),occurredAt,Việt Nam,Việt Nam,1946,1946,,,,,"Hiệp định sơ bộ Pháp – Việt là một hiệp định được ký ngày 6 tháng 3 năm 1946 giữa Pháp và Việt Nam Dân chủ Cộng hòa. Hiệp định này được xem là một nước cờ chính trị của cả hai bên nhằm tính toán các bước đi tiếp theo. Trong đó, các nhà sử học phương Tây và Việt Nam đều cho rằng Hồ Chí Minh đã đặt cư",Wikipedia-EventCategory
Tạm ước Việt – Pháp,Tạm ước Việt – Pháp,occurredAt,Việt Nam,Việt Nam,1946,1946,,,,,Tạm ước Việt – Pháp hay Thỏa hiệp án Việt – Pháp là một ký kết tạm thời (thuật ngữ ngoại giao viết theo tiếng Latinh: modus vivendi) được ký ngày 14 tháng 9 năm 1946 giữa đại diện Cộng hòa Pháp là Marius Moutet và đại diện Việt Nam Dân chủ Cộng hòa là Hồ Chí Minh. Tạm ước này có thể coi là thành quả,Wikipedia-EventCategory
Thảm sát Thái Bình,Thảm sát Thái Bình,occurredAt,Việt Nam,Việt Nam,1966,1966,,,,,"Thảm sát Thái Bình là một tội ác chiến tranh của quân đội Hàn Quốc gây ra trong thời gian Chiến tranh Việt Nam. Vào ngày tháng 2 năm 1966 tại khu vực Thái Bình, tỉnh Bình Định (nay là Gia Lai), các đơn vị quân đội Hàn Quốc đã thảm sát hàng loạt 65 dân thường không có vũ khí, trong đó phần lớn là phụ",Wikipedia-EventCategory
Thảm sát Thạnh Phong,Thảm sát Thạnh Phong,occurredAt,Việt Nam,Việt Nam,1969,1969,,,,,"Thảm sát Thạnh Phong là sự kiện xảy ra ngày 25 tháng 2 năm 1969 tại Khâu Băng (ấp Thạnh Hòa, xã Thạnh Phong, huyện Thạnh Phú, tỉnh Bến Tre), lực lượng biệt kích SEAL của quân đội Mỹ, do Bob Kerrey chỉ huy, giết hại 21 thường dân gồm người già, phụ nữ và trẻ em trong khi truy tìm một cán bộ Mặt trận ",Wikipedia-EventCategory
Thuyền nhân,Thuyền nhân,occurredAt,Việt Nam,Việt Nam,1982,1982,,,,,"Về bộ phim Hồng Kông năm 1982, xem Thuyền nhân (phim)

Thuyền nhân, dịch từ chữ boat people trong tiếng Anh, là thuật ngữ thường chỉ những người nhập cư bất hợp pháp hoặc người tị nạn xuất cư bằng thuyền trong nhóm nhiều người. Thuyền thường cũ và được đóng sơ sài, không dùng thích hợp để đi biển và",Wikipedia-EventCategory
Trận Đak Pơ,Trận Đak Pơ,occurredAt,Việt Nam,Việt Nam,1954,1954,,,,,"Trận Đak Pơ hay còn có tên là trận cây số 15, trận đánh đèo Mang Yang là trận đánh diễn ra tại khu vực cầu Đak Pơ, đèo Mang Yang, An Khê, Gia Lai ngày 24 tháng 6 năm 1954 giữa quân đội Pháp và Quân đội Nhân dân Việt Nam. Đây là trận đánh lớn cuối cùng trong cuộc chiến tranh Đông Dương 1945 – 1954 củ",Wikipedia-EventCategory
Trận Thị Nại (1283),Trận Thị Nại (1283),occurredAt,Việt Nam,Việt Nam,1283,1283,,,,,"Trận Thị Nại là một trận chiến diễn ra vào tháng 2 năm 1283 giữa Chăm Pa và nhà Nguyên. Trận chiến diễn ra trên đầm Thị Nại, gần kinh đô Đồ Bàn của Chăm Pa (ngày nay là Quy Nhơn, Gia Lai). Mặc dù ít người hơn, quân xâm lược Nguyên vẫn phá vỡ được tuyến phòng thủ của quân Chăm, buộc vua Chăm phải rút",Wikipedia-EventCategory
Trận Trấn Ninh (1802),Trận Trấn Ninh (1802),occurredAt,Việt Nam,Việt Nam,1802,1802,,,,,"Trận Trấn Ninh (1802) là trận kịch chiến cuối cùng giữa quân Tây Sơn và quân chúa Nguyễn, xảy ra vào tháng Giêng năm Nhâm Tuất (3 tháng 2 năm 1802) và kết thúc sau một thời gian ngắn (không rõ ngày), ở Trấn Ninh (Quảng Trị, Việt Nam).
Kết thúc trận, quân Tây Sơn đại bại. Nhà sử học Phạm Văn Sơn viết",Wikipedia-EventCategory
Tuyên cáo Việt Nam độc lập,Tuyên cáo Việt Nam độc lập,occurredAt,Việt Nam,Việt Nam,1945,1945,,,,,"Tuyên cáo Việt Nam độc lập là tên một tuyên bố do hoàng đế Bảo Đại ban hành ngày 11 tháng 3 năm 1945, khởi đầu chính thể Đế quốc Việt Nam. Theo đó, Đạo dụ này tuyên bố hủy bỏ mọi ràng buộc chính trị giữa Việt Nam và Đế quốc Thực dân Pháp, hủy bỏ Hòa ước Patenôtre năm 1884 cùng các hiệp ước nhận bảo ",Wikipedia-EventCategory
Sự kiện Vịnh Bắc Bộ,Sự kiện Vịnh Bắc Bộ,occurredAt,Việt Nam,Việt Nam,1964,1964,,,,,"Sự kiện Vịnh Bắc Bộ (tiếng Anh: Gulf of Tonkin incident) là một cuộc chạm trán tầm cỡ quốc tế dẫn tới việc Hoa Kỳ tham gia trực tiếp hơn vào cuộc Chiến tranh xâm lược Việt Nam. Sự kiện bao gồm hai cuộc đụng độ; sự kiện lần đầu, được chứng minh là đã xảy ra, vào ngày 2 tháng Tám năm 1964, là do quân ",Wikipedia-EventCategory
Vụ hạ giàn khoan Hải Dương 981,Vụ hạ giàn khoan Hải Dương 981,occurredAt,Việt Nam,Việt Nam,2014,2014,,,,,"Vụ hạ giàn khoan Hải Dương-981 (HD-981) là sự kiện Cộng hòa Nhân dân Trung Hoa đưa giàn khoan Hải Dương 981 (HD-981) vào khu vực Biển Đông gần quần đảo Hoàng Sa vào ngày 1 tháng 5 năm 2014, dẫn tới việc nhà nước Cộng hòa xã hội chủ nghĩa Việt Nam ra tuyên bố phản đối, đồng thời tàu thuyền của hai qu",Wikipedia-EventCategory
Vụ Trung Quốc tấn công ngư dân Việt Nam 2005,Vụ Trung Quốc tấn công ngư dân Việt Nam 2005,occurredAt,Việt Nam,Việt Nam,2005,2005,,,,,Vụ việc Vịnh Bắc Bộ này xảy ra vào ngày 8 tháng 1 năm 2005 tại Vịnh Bắc Bộ.,Wikipedia-EventCategory
